case_name,seed,method,final_hv,normalized_final_hv,auc_hv,normalized_auc_hv,hv_25,hv_50,hv_75,archive_size,direction_coverage,feasibility_rate,valid_sample_efficiency,duplicate_rate_mean,runtime,eval_budget,wins_final_hv_against_fixed,wins_auc_hv_against_fixed,wins_coverage_against_fixed
main_dense_small_cell,0,Fixed Pareto-QAOA,0.9193055493650157,0.8748130249683581,0.5755786191457076,0.5477217811529167,0.3457522318044538,0.6915044636089076,0.8054050064869617,11,0.4,1.0,1.0,0.0,0.041294097900390625,300,False,False,False
main_dense_small_cell,0,Adaptive weights only,0.7274157812679121,0.6922103325279025,0.5130663254429966,0.4882349557013002,0.33121238012601856,0.6624247602520371,0.6949202707599746,3,0.3,1.0,0.65,0.0,0.040198326110839844,300,False,False,False
main_dense_small_cell,0,Adaptive CVaR only,0.7501475244325342,0.7138419054193994,0.5187492612341521,0.4936428489241744,0.33121238012601856,0.6624247602520371,0.7062861423422857,9,0.4,1.0,0.65,0.0,0.04411506652832031,300,False,False,False
main_dense_small_cell,0,Adaptive candidate diversity only,0.7501475244325342,0.7138419054193994,0.5187492612341521,0.4936428489241744,0.33121238012601856,0.6624247602520371,0.7062861423422857,9,0.4,1.0,0.65,0.0,0.04250526428222656,300,False,False,False
main_dense_small_cell,0,Adaptive resources only,0.7501475244325342,0.7138419054193994,0.5187492612341521,0.4936428489241744,0.33121238012601856,0.6624247602520371,0.7062861423422857,9,0.4,1.0,0.65,0.0,0.044000864028930664,300,False,False,False
main_dense_small_cell,0,Adaptive weights + CVaR,0.7274157812679121,0.6922103325279025,0.5130663254429966,0.4882349557013002,0.33121238012601856,0.6624247602520371,0.6949202707599746,3,0.3,1.0,0.65,0.0,0.045220375061035156,300,False,False,False
main_dense_small_cell,0,Adaptive weights + diversity,0.7274157812679121,0.6922103325279025,0.5130663254429966,0.4882349557013002,0.33121238012601856,0.6624247602520371,0.6949202707599746,3,0.3,1.0,0.65,0.0,0.042246341705322266,300,False,False,False
main_dense_small_cell,0,Full AI-Adaptive Pareto-QAOA,0.7274157812679121,0.6922103325279025,0.5130663254429966,0.4882349557013002,0.33121238012601856,0.6624247602520371,0.6949202707599746,3,0.3,1.0,0.65,0.0,0.039049625396728516,300,False,False,False
main_dense_small_cell,0,Replay-Adaptive Schedule,0.7419254045644794,0.7060177194799219,0.5234044320418008,0.4980727189046139,0.337923080900681,0.6758461618013619,0.7088857831829207,13,0.5,1.0,1.0,0.0,0.05000138282775879,300,False,False,True
main_dense_small_cell,1,Fixed Pareto-QAOA,0.841002261527817,0.8170264623955431,0.6293778022602786,0.6114351207056639,0.41912723687832437,0.8382544737566487,0.8396283676422329,5,0.3,1.0,0.65,0.0,0.05103754997253418,300,False,False,False
main_dense_small_cell,1,Adaptive weights only,0.835924827602832,0.8120937790157846,0.560996714194083,0.5450034818941505,0.352015507293375,0.70403101458675,0.769977921094791,14,0.5,1.0,1.0,0.0,0.04262661933898926,300,False,False,True
main_dense_small_cell,1,Adaptive CVaR only,0.7353319013713636,0.7143686165273909,0.5358484826362159,0.520572191272052,0.352015507293375,0.70403101458675,0.7196814579790568,18,0.6,1.0,1.0,0.0,0.04907941818237305,300,False,False,True
main_dense_small_cell,1,Adaptive candidate diversity only,0.70403101458675,0.6839600742804086,0.5280232609400626,0.5129700557103065,0.352015507293375,0.70403101458675,0.70403101458675,10,0.6,1.0,0.8,0.0,0.03463339805603027,300,False,False,True
main_dense_small_cell,1,Adaptive resources only,0.7353319013713636,0.7143686165273909,0.5358484826362159,0.520572191272052,0.352015507293375,0.70403101458675,0.7196814579790568,18,0.6,1.0,1.0,0.0,0.05597043037414551,300,False,False,True
main_dense_small_cell,1,Adaptive weights + CVaR,0.835924827602832,0.8120937790157846,0.560996714194083,0.5450034818941505,0.352015507293375,0.70403101458675,0.769977921094791,14,0.5,1.0,1.0,0.0,0.0736701488494873,300,False,False,True
main_dense_small_cell,1,Adaptive weights + diversity,0.8165111096543598,0.7932335190343547,0.556143284706965,0.540288416898793,0.352015507293375,0.70403101458675,0.7602710621205548,9,0.4,1.0,0.7,0.0,0.03486227989196777,300,False,False,True
main_dense_small_cell,1,Full AI-Adaptive Pareto-QAOA,0.8165111096543598,0.7932335190343547,0.556143284706965,0.540288416898793,0.352015507293375,0.70403101458675,0.7602710621205548,9,0.4,1.0,0.7,0.0,0.030624866485595703,300,False,False,True
main_dense_small_cell,1,Replay-Adaptive Schedule,0.8679425285886201,0.8431987000928506,0.646566409459272,0.628133704735376,0.4295807773121171,0.8591615546242342,0.8635520416064271,11,0.7,1.0,0.65,0.0,0.05140352249145508,300,True,True,True
main_dense_small_cell,2,Fixed Pareto-QAOA,0.8326134694596846,0.8329657228017884,0.6207061016241444,0.6209687034277198,0.4125527342592233,0.8251054685184466,0.8288594689890656,8,0.6,1.0,0.55,0.0,0.04295063018798828,300,False,False,False
main_dense_small_cell,2,Adaptive weights only,0.805382069220432,0.8057228017883755,0.47917134578544723,0.47937406855439646,0.2778258284803392,0.5556516569606784,0.6805168630905551,11,0.4,1.0,0.7,0.0,0.051311492919921875,300,False,False,False
main_dense_small_cell,2,Adaptive CVaR only,0.6962181190271921,0.6965126676602087,0.45188035823713724,0.4520715350223547,0.2778258284803392,0.5556516569606784,0.6259348879939353,10,0.5,1.0,0.7,0.0,0.0463259220123291,300,False,False,False
main_dense_small_cell,2,Adaptive candidate diversity only,0.6962181190271921,0.6965126676602087,0.45188035823713724,0.4520715350223547,0.2778258284803392,0.5556516569606784,0.6259348879939353,10,0.5,1.0,0.7,0.0,0.0588533878326416,300,False,False,False
main_dense_small_cell,2,Adaptive resources only,0.6962181190271921,0.6965126676602087,0.45188035823713724,0.4520715350223547,0.2778258284803392,0.5556516569606784,0.6259348879939353,10,0.5,1.0,0.7,0.0,0.04842782020568848,300,False,False,False
main_dense_small_cell,2,Adaptive weights + CVaR,0.805382069220432,0.8057228017883755,0.47917134578544723,0.47937406855439646,0.2778258284803392,0.5556516569606784,0.6805168630905551,11,0.4,1.0,0.7,0.0,0.04865264892578125,300,False,False,False
main_dense_small_cell,2,Adaptive weights + diversity,0.805382069220432,0.8057228017883755,0.47917134578544723,0.47937406855439646,0.2778258284803392,0.5556516569606784,0.6805168630905551,11,0.4,1.0,0.7,0.0,0.04629707336425781,300,False,False,False
main_dense_small_cell,2,Full AI-Adaptive Pareto-QAOA,0.805382069220432,0.8057228017883755,0.47917134578544723,0.47937406855439646,0.2778258284803392,0.5556516569606784,0.6805168630905551,11,0.4,1.0,0.7,0.0,0.04920458793640137,300,False,False,False
main_dense_small_cell,2,Replay-Adaptive Schedule,0.8688425533666114,0.869210134128167,0.6321766586177027,0.6324441132637855,0.4149660202760498,0.8299320405520996,0.8493872969593554,14,0.7,1.0,1.0,0.0,0.043865203857421875,300,True,True,True
main_dense_small_cell,3,Fixed Pareto-QAOA,0.8736778812404337,0.9072228374553956,0.6429939784458027,0.6676818014027317,0.4245745081356943,0.8491490162713886,0.8614134487559111,15,0.6,1.0,1.0,0.0,0.047925710678100586,300,False,False,False
main_dense_small_cell,3,Adaptive weights only,0.8835131266144953,0.9174357081333826,0.6546066778031283,0.6797403716008366,0.43372839614950465,0.8674567922990092,0.8754849594567522,14,0.5,1.0,1.0,0.0,0.05211234092712402,300,True,True,False
main_dense_small_cell,3,Adaptive CVaR only,0.8846980959366715,0.9186661744801281,0.6549029201336726,0.6800479881875232,0.43372839614950465,0.8674567922990092,0.8760774441178403,13,0.5,1.0,1.0,0.0,0.04942893981933594,300,True,True,False
main_dense_small_cell,3,Adaptive candidate diversity only,0.8846980959366715,0.9186661744801281,0.6549029201336726,0.6800479881875232,0.43372839614950465,0.8674567922990092,0.8760774441178403,13,0.5,1.0,1.0,0.0,0.04789257049560547,300,True,True,False
main_dense_small_cell,3,Adaptive resources only,0.8846980959366715,0.9186661744801281,0.6549029201336726,0.6800479881875232,0.43372839614950465,0.8674567922990092,0.8760774441178403,13,0.5,1.0,1.0,0.0,0.04898262023925781,300,True,True,False
main_dense_small_cell,3,Adaptive weights + CVaR,0.8835131266144953,0.9174357081333826,0.6546066778031283,0.6797403716008366,0.43372839614950465,0.8674567922990092,0.8754849594567522,14,0.5,1.0,1.0,0.0,0.0542757511138916,300,True,True,False
main_dense_small_cell,3,Adaptive weights + diversity,0.8835131266144953,0.9174357081333826,0.6546066778031283,0.6797403716008366,0.43372839614950465,0.8674567922990092,0.8754849594567522,14,0.5,1.0,1.0,0.0,0.04845547676086426,300,True,True,False
main_dense_small_cell,3,Full AI-Adaptive Pareto-QAOA,0.8835131266144953,0.9174357081333826,0.6546066778031283,0.6797403716008366,0.43372839614950465,0.8674567922990092,0.8754849594567522,14,0.5,1.0,1.0,0.0,0.05099296569824219,300,True,True,False
main_dense_small_cell,3,Replay-Adaptive Schedule,0.7592098447182232,0.7883597883597885,0.5336805584750581,0.554171280915467,0.34387809729550234,0.6877561945910047,0.7234830196546139,5,0.3,1.0,0.4,0.0,0.050684452056884766,300,False,False,False
main_dense_small_cell,4,Fixed Pareto-QAOA,0.9609984509494605,0.8917193886120598,0.6727803715514047,0.6242791557023684,0.4325307588140395,0.865061517628079,0.9130299842887697,17,0.5,1.0,1.0,0.0,0.04471540451049805,300,False,False,False
main_dense_small_cell,4,Adaptive weights only,0.859389774400274,0.7974357538771625,0.5987460211203761,0.5555819942892334,0.38389857752030776,0.7677971550406155,0.8135934647204448,8,0.6,1.0,0.7,0.0,0.0514369010925293,300,False,False,True
main_dense_small_cell,4,Adaptive CVaR only,0.9106164765322571,0.8449694865908964,0.6115526966533721,0.567465427467667,0.38389857752030776,0.7677971550406155,0.8392068157864363,12,0.5,1.0,1.0,0.0,0.0505671501159668,300,False,False,False
main_dense_small_cell,4,Adaptive candidate diversity only,0.9106164765322571,0.8449694865908964,0.6115526966533721,0.567465427467667,0.38389857752030776,0.7677971550406155,0.8392068157864363,12,0.5,1.0,1.0,0.0,0.050507307052612305,300,False,False,False
main_dense_small_cell,4,Adaptive resources only,0.9106164765322571,0.8449694865908964,0.6115526966533721,0.567465427467667,0.38389857752030776,0.7677971550406155,0.8392068157864363,12,0.5,1.0,1.0,0.0,0.048249244689941406,300,False,False,False
main_dense_small_cell,4,Adaptive weights + CVaR,0.859389774400274,0.7974357538771625,0.5987460211203761,0.5555819942892334,0.38389857752030776,0.7677971550406155,0.8135934647204448,8,0.6,1.0,0.7,0.0,0.05183553695678711,300,False,False,True
main_dense_small_cell,4,Adaptive weights + diversity,0.859389774400274,0.7974357538771625,0.5987460211203761,0.5555819942892334,0.38389857752030776,0.7677971550406155,0.8135934647204448,8,0.6,1.0,0.7,0.0,0.05599570274353027,300,False,False,True
main_dense_small_cell,4,Full AI-Adaptive Pareto-QAOA,0.859389774400274,0.7974357538771625,0.5987460211203761,0.5555819942892334,0.38389857752030776,0.7677971550406155,0.8135934647204448,8,0.6,1.0,0.7,0.0,0.0541534423828125,300,False,False,True
main_dense_small_cell,4,Replay-Adaptive Schedule,0.9276920439095847,0.860814064162141,0.6485849562923646,0.6018280051508875,0.41666194531496825,0.8333238906299365,0.8805079672697607,14,0.4,1.0,1.0,0.0,0.0413360595703125,300,False,False,False
high_conflict_tradeoff_case,0,Fixed Pareto-QAOA,0.865583130981043,0.858494446729741,0.5690517342545471,0.564391490862079,0.3526559515092865,0.7053119030185732,0.7854475169998081,6,0.3,1.0,0.3,0.0,0.04783821105957031,400,False,False,False
high_conflict_tradeoff_case,0,Adaptive weights only,0.7196504010470085,0.7137568314038902,0.5093721799605742,0.5052006816712701,0.32945957969882195,0.6589191593976439,0.6892847802223262,13,0.5,1.0,1.0,0.0,0.040409088134765625,400,False,False,True
high_conflict_tradeoff_case,0,Adaptive CVaR only,0.6916844048923743,0.6860198624904508,0.5023806809219156,0.49826643944291016,0.32945957969882195,0.6589191593976439,0.6753017821450091,18,0.6,1.0,1.0,0.0,0.044793128967285156,400,False,False,True
high_conflict_tradeoff_case,0,Adaptive candidate diversity only,0.6916844048923743,0.6860198624904508,0.5023806809219156,0.49826643944291016,0.32945957969882195,0.6589191593976439,0.6753017821450091,18,0.6,1.0,1.0,0.0,0.0458681583404541,400,False,False,True
high_conflict_tradeoff_case,0,Adaptive resources only,0.6916844048923743,0.6860198624904508,0.5023806809219156,0.49826643944291016,0.32945957969882195,0.6589191593976439,0.6753017821450091,18,0.6,1.0,1.0,0.0,0.047685861587524414,400,False,False,True
high_conflict_tradeoff_case,0,Adaptive weights + CVaR,0.7196504010470085,0.7137568314038902,0.5093721799605742,0.5052006816712701,0.32945957969882195,0.6589191593976439,0.6892847802223262,13,0.5,1.0,1.0,0.0,0.039485931396484375,400,False,False,True
high_conflict_tradeoff_case,0,Adaptive weights + diversity,0.7196504010470085,0.7137568314038902,0.5093721799605742,0.5052006816712701,0.32945957969882195,0.6589191593976439,0.6892847802223262,13,0.5,1.0,1.0,0.0,0.04274749755859375,400,False,False,True
high_conflict_tradeoff_case,0,Full AI-Adaptive Pareto-QAOA,0.7196504010470085,0.7137568314038902,0.5093721799605742,0.5052006816712701,0.32945957969882195,0.6589191593976439,0.6892847802223262,13,0.5,1.0,1.0,0.0,0.042908430099487305,400,False,False,True
high_conflict_tradeoff_case,0,Replay-Adaptive Schedule,0.6032241670557874,0.5982840688723042,0.40658825659351516,0.40325850619968273,0.25578221482956826,0.5115644296591365,0.557394298357462,12,0.5,1.0,0.7,0.0,0.05485677719116211,400,False,False,True
high_conflict_tradeoff_case,1,Fixed Pareto-QAOA,0.8778765163058724,0.8552132429014829,0.651887771996405,0.6350586274284402,0.43241864291993676,0.8648372858398735,0.871356901072873,16,0.4,1.0,1.0,0.0,0.042993783950805664,400,False,False,False
high_conflict_tradeoff_case,1,Adaptive weights only,0.8535090856160192,0.8314748821703645,0.606294716147533,0.5906426025979997,0.3929174447435283,0.7858348894870566,0.8196719875515379,7,0.6,1.0,0.65,0.0,0.05152750015258789,400,False,False,True
high_conflict_tradeoff_case,1,Adaptive CVaR only,0.7896699572711738,0.7692838257270951,0.5903349340613218,0.5750948384871825,0.3929174447435283,0.7858348894870566,0.7877524233791152,13,0.6,1.0,1.0,0.0,0.04500079154968262,400,False,False,True
high_conflict_tradeoff_case,1,Adaptive candidate diversity only,0.7896699572711738,0.7692838257270951,0.5903349340613218,0.5750948384871825,0.3929174447435283,0.7858348894870566,0.7877524233791152,13,0.6,1.0,1.0,0.0,0.04765033721923828,400,False,False,True
high_conflict_tradeoff_case,1,Adaptive resources only,0.7896699572711738,0.7692838257270951,0.5903349340613218,0.5750948384871825,0.3929174447435283,0.7858348894870566,0.7877524233791152,13,0.6,1.0,1.0,0.0,0.04659605026245117,400,False,False,True
high_conflict_tradeoff_case,1,Adaptive weights + CVaR,0.8535090856160192,0.8314748821703645,0.606294716147533,0.5906426025979997,0.3929174447435283,0.7858348894870566,0.8196719875515379,7,0.6,1.0,0.65,0.0,0.0490107536315918,400,False,False,True
high_conflict_tradeoff_case,1,Adaptive weights + diversity,0.8535090856160192,0.8314748821703645,0.606294716147533,0.5906426025979997,0.3929174447435283,0.7858348894870566,0.8196719875515379,7,0.6,1.0,0.65,0.0,0.04881691932678223,400,False,False,True
high_conflict_tradeoff_case,1,Full AI-Adaptive Pareto-QAOA,0.8535090856160192,0.8314748821703645,0.606294716147533,0.5906426025979997,0.3929174447435283,0.7858348894870566,0.8196719875515379,7,0.6,1.0,0.65,0.0,0.0503697395324707,400,False,False,True
high_conflict_tradeoff_case,1,Replay-Adaptive Schedule,0.7920299989844769,0.7715829405678815,0.5822222906718431,0.5671916312219798,0.38421479092572364,0.7684295818514472,0.780229790417962,16,0.5,1.0,1.0,0.0,0.044830322265625,400,False,False,True
high_conflict_tradeoff_case,2,Fixed Pareto-QAOA,0.6647978427255424,0.7012819726430717,0.4758337222499602,0.5019474943261976,0.3096342615685746,0.6192685231371492,0.6420331829313458,16,0.5,1.0,1.0,0.0,0.06832742691040039,400,False,False,False
high_conflict_tradeoff_case,2,Adaptive weights only,0.6786950424466485,0.7159418511930319,0.44959476252548713,0.47426853953260134,0.279921001913825,0.55984200382765,0.6192685231371493,11,0.5,1.0,0.7,0.0,0.0395200252532959,400,True,False,False
high_conflict_tradeoff_case,2,Adaptive CVaR only,0.658924967529594,0.6950867938416242,0.4446522437962236,0.4690547751947495,0.279921001913825,0.55984200382765,0.609383485678622,12,0.4,1.0,0.7,0.0,0.04599642753601074,400,False,False,False
high_conflict_tradeoff_case,2,Adaptive candidate diversity only,0.658924967529594,0.6950867938416242,0.4446522437962236,0.4690547751947495,0.279921001913825,0.55984200382765,0.609383485678622,12,0.4,1.0,0.7,0.0,0.04571270942687988,400,False,False,False
high_conflict_tradeoff_case,2,Adaptive resources only,0.658924967529594,0.6950867938416242,0.4446522437962236,0.4690547751947495,0.279921001913825,0.55984200382765,0.609383485678622,12,0.4,1.0,0.7,0.0,0.0484619140625,400,False,False,False
high_conflict_tradeoff_case,2,Adaptive weights + CVaR,0.6786950424466485,0.7159418511930319,0.44959476252548713,0.47426853953260134,0.279921001913825,0.55984200382765,0.6192685231371493,11,0.5,1.0,0.7,0.0,0.04200172424316406,400,True,False,False
high_conflict_tradeoff_case,2,Adaptive weights + diversity,0.6786950424466485,0.7159418511930319,0.44959476252548713,0.47426853953260134,0.279921001913825,0.55984200382765,0.6192685231371493,11,0.5,1.0,0.7,0.0,0.04099321365356445,400,True,False,False
high_conflict_tradeoff_case,2,Full AI-Adaptive Pareto-QAOA,0.6786950424466485,0.7159418511930319,0.44959476252548713,0.47426853953260134,0.279921001913825,0.55984200382765,0.6192685231371493,11,0.5,1.0,0.7,0.0,0.040221452713012695,400,True,False,False
high_conflict_tradeoff_case,2,Replay-Adaptive Schedule,0.8220280855952938,0.8671410169907379,0.5680553070101029,0.5992302030301171,0.36254828561127944,0.7250965712225589,0.7735623284089264,13,0.7,1.0,1.0,0.0,0.04508519172668457,400,True,True,True
high_conflict_tradeoff_case,3,Fixed Pareto-QAOA,0.8368892253087192,0.8900908697533536,0.5620479221502634,0.5977777090931571,0.3528256158230836,0.7056512316461672,0.7712702284774432,11,0.4,1.0,0.8,0.0,0.05052065849304199,400,False,False,False
high_conflict_tradeoff_case,3,Adaptive weights only,0.840783355324393,0.8942325523891947,0.6282336020808353,0.6681708598627683,0.418037763249737,0.836075526499474,0.8384294409119335,16,0.6,1.0,1.0,0.0,0.047461509704589844,400,True,True,True
high_conflict_tradeoff_case,3,Adaptive CVaR only,0.8406089912938403,0.8940471039129628,0.628190011073197,0.6681244977437102,0.418037763249737,0.836075526499474,0.8383422588966571,14,0.6,1.0,1.0,0.0,0.04703021049499512,400,True,True,True
high_conflict_tradeoff_case,3,Adaptive candidate diversity only,0.8406089912938403,0.8940471039129628,0.628190011073197,0.6681244977437102,0.418037763249737,0.836075526499474,0.8383422588966571,14,0.6,1.0,1.0,0.0,0.06728911399841309,400,True,True,True
high_conflict_tradeoff_case,3,Adaptive resources only,0.8406089912938403,0.8940471039129628,0.628190011073197,0.6681244977437102,0.418037763249737,0.836075526499474,0.8383422588966571,14,0.6,1.0,1.0,0.0,0.04925370216369629,400,True,True,True
high_conflict_tradeoff_case,3,Adaptive weights + CVaR,0.840783355324393,0.8942325523891947,0.6282336020808353,0.6681708598627683,0.418037763249737,0.836075526499474,0.8384294409119335,16,0.6,1.0,1.0,0.0,0.04871392250061035,400,True,True,True
high_conflict_tradeoff_case,3,Adaptive weights + diversity,0.840783355324393,0.8942325523891947,0.6282336020808353,0.6681708598627683,0.418037763249737,0.836075526499474,0.8384294409119335,16,0.6,1.0,1.0,0.0,0.047545671463012695,400,True,True,True
high_conflict_tradeoff_case,3,Full AI-Adaptive Pareto-QAOA,0.840783355324393,0.8942325523891947,0.6282336020808353,0.6681708598627683,0.418037763249737,0.836075526499474,0.8384294409119335,16,0.6,1.0,1.0,0.0,0.04950237274169922,400,True,True,True
high_conflict_tradeoff_case,3,Replay-Adaptive Schedule,0.8538606576158341,0.9081411881065712,0.6389133989521789,0.679529579031959,0.42544823454822034,0.8508964690964407,0.8523785633561374,10,0.4,1.0,1.0,0.0,0.04859805107116699,400,True,True,False
high_conflict_tradeoff_case,4,Fixed Pareto-QAOA,0.9781319926292676,0.9146178662810102,0.6791988419900761,0.6350956724885972,0.43466584383275914,0.8693316876655183,0.923731840147393,13,0.7,1.0,1.0,0.0,0.04762721061706543,400,False,False,False
high_conflict_tradeoff_case,4,Adaptive weights only,0.8711757606310054,0.8146067415730337,0.6043651713261087,0.5651212593169431,0.3865712311683571,0.7731424623367142,0.8221591114838598,12,0.6,1.0,1.0,0.0,0.064208984375,400,False,False,False
high_conflict_tradeoff_case,4,Adaptive CVaR only,0.9201924097781512,0.8604405384358661,0.6166193336128949,0.5765797085326511,0.3865712311683571,0.7731424623367142,0.8466674360574327,17,0.5,1.0,1.0,0.0,0.05387687683105469,400,False,False,False
high_conflict_tradeoff_case,4,Adaptive candidate diversity only,0.9201924097781512,0.8604405384358661,0.6166193336128949,0.5765797085326511,0.3865712311683571,0.7731424623367142,0.8466674360574327,17,0.5,1.0,1.0,0.0,0.0577239990234375,400,False,False,False
high_conflict_tradeoff_case,4,Adaptive resources only,0.9201924097781512,0.8604405384358661,0.6166193336128949,0.5765797085326511,0.3865712311683571,0.7731424623367142,0.8466674360574327,17,0.5,1.0,1.0,0.0,0.049280643463134766,400,False,False,False
high_conflict_tradeoff_case,4,Adaptive weights + CVaR,0.8711757606310054,0.8146067415730337,0.6043651713261087,0.5651212593169431,0.3865712311683571,0.7731424623367142,0.8221591114838598,12,0.6,1.0,1.0,0.0,0.04600715637207031,400,False,False,False
high_conflict_tradeoff_case,4,Adaptive weights + diversity,0.8711757606310054,0.8146067415730337,0.6043651713261087,0.5651212593169431,0.3865712311683571,0.7731424623367142,0.8221591114838598,12,0.6,1.0,1.0,0.0,0.05178546905517578,400,False,False,False
high_conflict_tradeoff_case,4,Full AI-Adaptive Pareto-QAOA,0.8711757606310054,0.8146067415730337,0.6043651713261087,0.5651212593169431,0.3865712311683571,0.7731424623367142,0.8221591114838598,12,0.6,1.0,1.0,0.0,0.05337071418762207,400,False,False,False
high_conflict_tradeoff_case,4,Replay-Adaptive Schedule,0.861836423354183,0.8058738458115475,0.6391199981030743,0.597619312493047,0.42366089226452863,0.8473217845290573,0.8545791039416202,16,0.7,1.0,1.0,0.0,0.04932355880737305,400,False,False,False
energy_dominated_case,0,Fixed Pareto-QAOA,0.9098458075583629,0.8701939830410036,0.5660652176871901,0.5413956324776397,0.3386037657975994,0.6772075315951988,0.7935266695767809,4,0.3,1.0,0.65,0.0,0.04474139213562012,300,False,False,False
energy_dominated_case,0,Adaptive weights only,0.7096955184498824,0.6787664072482287,0.48527032701400036,0.46412184922755256,0.3078464474015298,0.6156928948030596,0.6626942066264709,10,0.3,1.0,1.0,0.0,0.04023551940917969,300,False,False,False
energy_dominated_case,0,Adaptive CVaR only,0.7624049999262662,0.7291787664072483,0.49844769738309636,0.4767249390173075,0.3078464474015298,0.6156928948030596,0.6890489473646628,8,0.3,1.0,0.65,0.0,0.047997236251831055,300,False,False,False
energy_dominated_case,0,Adaptive candidate diversity only,0.7624049999262662,0.7291787664072483,0.49844769738309636,0.4767249390173075,0.3078464474015298,0.6156928948030596,0.6890489473646628,8,0.3,1.0,0.65,0.0,0.050615787506103516,300,False,False,False
energy_dominated_case,0,Adaptive resources only,0.7624049999262662,0.7291787664072483,0.49844769738309636,0.4767249390173075,0.3078464474015298,0.6156928948030596,0.6890489473646628,8,0.3,1.0,0.65,0.0,0.04757237434387207,300,False,False,False
energy_dominated_case,0,Adaptive weights + CVaR,0.7096955184498824,0.6787664072482287,0.48527032701400036,0.46412184922755256,0.3078464474015298,0.6156928948030596,0.6626942066264709,10,0.3,1.0,1.0,0.0,0.04542422294616699,300,False,False,False
energy_dominated_case,0,Adaptive weights + diversity,0.7096955184498824,0.6787664072482287,0.48527032701400036,0.46412184922755256,0.3078464474015298,0.6156928948030596,0.6626942066264709,10,0.3,1.0,1.0,0.0,0.04300808906555176,300,False,False,False
energy_dominated_case,0,Full AI-Adaptive Pareto-QAOA,0.7096955184498824,0.6787664072482287,0.48527032701400036,0.46412184922755256,0.3078464474015298,0.6156928948030596,0.6626942066264709,10,0.3,1.0,1.0,0.0,0.039801597595214844,300,False,False,False
energy_dominated_case,0,Replay-Adaptive Schedule,0.716557467075264,0.6853293065396677,0.4906293267147964,0.4692472993379023,0.3114899599459803,0.6229799198919606,0.6697686934836122,6,0.5,1.0,0.3,0.0,0.052182674407958984,300,False,False,True
energy_dominated_case,1,Fixed Pareto-QAOA,0.7762133673175275,0.8110555902560899,0.5359219785401204,0.5599781386633353,0.3418686367107385,0.683737273421477,0.7299753203695023,4,0.4,1.0,0.65,0.0,0.040430545806884766,300,False,False,False
energy_dominated_case,1,Adaptive weights only,0.8606194724120481,0.8992504684572142,0.5291670990247657,0.5529200499687694,0.3140122309217537,0.6280244618435075,0.7443219671277778,12,0.5,1.0,1.0,0.0,0.04252338409423828,300,True,False,True
energy_dominated_case,1,Adaptive CVaR only,0.659407751627235,0.6890068707058088,0.47886416882856253,0.5003591505309182,0.3140122309217537,0.6280244618435075,0.6437161067353712,9,0.4,1.0,0.65,0.0,0.04698991775512695,300,False,False,False
energy_dominated_case,1,Adaptive candidate diversity only,0.659407751627235,0.6890068707058088,0.47886416882856253,0.5003591505309182,0.3140122309217537,0.6280244618435075,0.6437161067353712,9,0.4,1.0,0.65,0.0,0.0495913028717041,300,False,False,False
energy_dominated_case,1,Adaptive resources only,0.659407751627235,0.6890068707058088,0.47886416882856253,0.5003591505309182,0.3140122309217537,0.6280244618435075,0.6437161067353712,9,0.4,1.0,0.65,0.0,0.050034523010253906,300,False,False,False
energy_dominated_case,1,Adaptive weights + CVaR,0.8606194724120481,0.8992504684572142,0.5291670990247657,0.5529200499687694,0.3140122309217537,0.6280244618435075,0.7443219671277778,12,0.5,1.0,1.0,0.0,0.041774749755859375,300,True,False,True
energy_dominated_case,1,Adaptive weights + diversity,0.8606194724120481,0.8992504684572142,0.5291670990247657,0.5529200499687694,0.3140122309217537,0.6280244618435075,0.7443219671277778,12,0.5,1.0,1.0,0.0,0.03944587707519531,300,True,False,True
energy_dominated_case,1,Full AI-Adaptive Pareto-QAOA,0.8606194724120481,0.8992504684572142,0.5291670990247657,0.5529200499687694,0.3140122309217537,0.6280244618435075,0.7443219671277778,12,0.5,1.0,1.0,0.0,0.04298877716064453,300,True,False,True
energy_dominated_case,1,Replay-Adaptive Schedule,0.7619264982540782,0.7961274203622735,0.5550956741556073,0.5800124921923798,0.36461404959208776,0.7292280991841755,0.7455772987191269,12,0.4,1.0,1.0,0.0,0.040161848068237305,300,False,True,False
energy_dominated_case,2,Fixed Pareto-QAOA,0.7863458653321302,0.8001915479468453,0.5897593989990975,0.6001436609601338,0.3931729326660651,0.7863458653321302,0.7863458653321302,4,0.2,1.0,0.7,0.0,0.03974413871765137,300,False,False,False
energy_dominated_case,2,Adaptive weights only,0.6965231441799636,0.7087872620615346,0.5111865766159892,0.5201873578355081,0.3370557905709984,0.6741115811419968,0.6853173626609802,8,0.3,1.0,0.65,0.0,0.04399871826171875,300,False,False,True
energy_dominated_case,2,Adaptive CVaR only,0.6922878881727889,0.7044774332575122,0.5101277626141957,0.5191099006345026,0.3370557905709984,0.6741115811419968,0.6831997346573928,16,0.3,1.0,1.0,0.0,0.03900456428527832,300,False,False,True
energy_dominated_case,2,Adaptive candidate diversity only,0.6922878881727889,0.7044774332575122,0.5101277626141957,0.5191099006345026,0.3370557905709984,0.6741115811419968,0.6831997346573928,16,0.3,1.0,1.0,0.0,0.04108619689941406,300,False,False,True
energy_dominated_case,2,Adaptive resources only,0.6922878881727889,0.7044774332575122,0.5101277626141957,0.5191099006345026,0.3370557905709984,0.6741115811419968,0.6831997346573928,16,0.3,1.0,1.0,0.0,0.0394282341003418,300,False,False,True
energy_dominated_case,2,Adaptive weights + CVaR,0.6965231441799636,0.7087872620615346,0.5111865766159892,0.5201873578355081,0.3370557905709984,0.6741115811419968,0.6853173626609802,8,0.3,1.0,0.65,0.0,0.041007280349731445,300,False,False,True
energy_dominated_case,2,Adaptive weights + diversity,0.6965231441799636,0.7087872620615346,0.5111865766159892,0.5201873578355081,0.3370557905709984,0.6741115811419968,0.6853173626609802,8,0.3,1.0,0.65,0.0,0.05254817008972168,300,False,False,True
energy_dominated_case,2,Full AI-Adaptive Pareto-QAOA,0.6965231441799636,0.7087872620615346,0.5111865766159892,0.5201873578355081,0.3370557905709984,0.6741115811419968,0.6853173626609802,8,0.3,1.0,0.65,0.0,0.04641294479370117,300,False,False,True
energy_dominated_case,2,Replay-Adaptive Schedule,0.9464032486032797,0.9630671614988626,0.6048327927746332,0.615482461391117,0.36823198062381324,0.7364639612476265,0.8414336049254532,10,0.6,1.0,0.65,0.0,0.0412600040435791,300,True,True,True
energy_dominated_case,3,Fixed Pareto-QAOA,0.8646862238439557,0.9145949288806433,0.5594091296357432,0.5916975881261596,0.34323757367475427,0.6864751473495085,0.7755806855967321,3,0.3,1.0,0.25,0.0,0.054059505462646484,300,False,False,False
energy_dominated_case,3,Adaptive weights only,0.9206987603536931,0.9738404452690167,0.6706741160428733,0.7093846629560915,0.44049942595445,0.8809988519089,0.9008488061312966,10,0.4,1.0,0.65,0.0,0.04499053955078125,300,True,True,True
energy_dominated_case,3,Adaptive CVaR only,0.9206987603536931,0.9738404452690167,0.6706741160428733,0.7093846629560915,0.44049942595445,0.8809988519089,0.9008488061312966,10,0.4,1.0,0.65,0.0,0.04902148246765137,300,True,True,True
energy_dominated_case,3,Adaptive candidate diversity only,0.9206987603536931,0.9738404452690167,0.6706741160428733,0.7093846629560915,0.44049942595445,0.8809988519089,0.9008488061312966,10,0.4,1.0,0.65,0.0,0.046872854232788086,300,True,True,True
energy_dominated_case,3,Adaptive resources only,0.9206987603536931,0.9738404452690167,0.6706741160428733,0.7093846629560915,0.44049942595445,0.8809988519089,0.9008488061312966,10,0.4,1.0,0.65,0.0,0.04511666297912598,300,True,True,True
energy_dominated_case,3,Adaptive weights + CVaR,0.9206987603536931,0.9738404452690167,0.6706741160428733,0.7093846629560915,0.44049942595445,0.8809988519089,0.9008488061312966,10,0.4,1.0,0.65,0.0,0.0550084114074707,300,True,True,True
energy_dominated_case,3,Adaptive weights + diversity,0.9206987603536931,0.9738404452690167,0.6706741160428733,0.7093846629560915,0.44049942595445,0.8809988519089,0.9008488061312966,10,0.4,1.0,0.65,0.0,0.04686903953552246,300,True,True,True
energy_dominated_case,3,Full AI-Adaptive Pareto-QAOA,0.9206987603536931,0.9738404452690167,0.6706741160428733,0.7093846629560915,0.44049942595445,0.8809988519089,0.9008488061312966,10,0.4,1.0,0.65,0.0,0.0473942756652832,300,True,True,True
energy_dominated_case,3,Replay-Adaptive Schedule,0.7977401337566388,0.8437847866419296,0.5897979770793091,0.6238404452690168,0.39036294364014945,0.7807258872802988,0.7892330105184688,3,0.3,1.0,0.6,0.0,0.04143476486206055,300,False,True,False
energy_dominated_case,4,Fixed Pareto-QAOA,0.8612819696715001,0.8475581122329184,0.6180454192297826,0.6081973467950224,0.4027249268119076,0.8054498536238152,0.8333659116476576,12,0.4,1.0,0.65,0.0,0.048958778381347656,300,False,False,False
energy_dominated_case,4,Adaptive weights only,0.8384361358613897,0.8250763089927212,0.6042514268835996,0.594623150974407,0.3946423929182523,0.7892847858365045,0.813860460848947,10,0.4,1.0,0.6,0.0,0.044565439224243164,300,False,False,False
energy_dominated_case,4,Adaptive CVaR only,0.7892847858365045,0.7767081474524535,0.5919635893773785,0.5825311105893403,0.3946423929182523,0.7892847858365045,0.7892847858365045,2,0.2,1.0,0.25,0.0,0.04471421241760254,300,False,False,False
energy_dominated_case,4,Adaptive candidate diversity only,0.7892847858365045,0.7767081474524535,0.5919635893773785,0.5825311105893403,0.3946423929182523,0.7892847858365045,0.7892847858365045,2,0.2,1.0,0.25,0.0,0.05102729797363281,300,False,False,False
energy_dominated_case,4,Adaptive resources only,0.7892847858365045,0.7767081474524535,0.5919635893773785,0.5825311105893403,0.3946423929182523,0.7892847858365045,0.7892847858365045,2,0.2,1.0,0.25,0.0,0.04982638359069824,300,False,False,False
energy_dominated_case,4,Adaptive weights + CVaR,0.8384361358613897,0.8250763089927212,0.6042514268835996,0.594623150974407,0.3946423929182523,0.7892847858365045,0.813860460848947,10,0.4,1.0,0.6,0.0,0.04111003875732422,300,False,False,False
energy_dominated_case,4,Adaptive weights + diversity,0.8384361358613897,0.8250763089927212,0.6042514268835996,0.594623150974407,0.3946423929182523,0.7892847858365045,0.813860460848947,10,0.4,1.0,0.6,0.0,0.03945517539978027,300,False,False,False
energy_dominated_case,4,Full AI-Adaptive Pareto-QAOA,0.8384361358613897,0.8250763089927212,0.6042514268835996,0.594623150974407,0.3946423929182523,0.7892847858365045,0.813860460848947,10,0.4,1.0,0.6,0.0,0.04319357872009277,300,False,False,False
energy_dominated_case,4,Replay-Adaptive Schedule,0.8106990269274436,0.7977811692885654,0.5990768157007613,0.5895309931908898,0.39640205896890046,0.7928041179378009,0.8017515724326223,16,0.6,1.0,1.0,0.0,0.039261817932128906,300,False,False,True
interference_dominated_case,0,Fixed Pareto-QAOA,0.820520165206764,0.7937144184965725,0.586654202141812,0.5674886720111537,0.38152416084012086,0.7630483216802417,0.7917842434435028,14,0.5,1.0,1.0,0.0,0.04593801498413086,300,False,False,False
interference_dominated_case,0,Adaptive weights only,0.8548110979691925,0.8268850935285231,0.6313795474567307,0.6107528755663993,0.4176767729644327,0.8353535459288653,0.8450823219490289,13,0.6,1.0,1.0,0.0,0.05054950714111328,300,True,True,True
interference_dominated_case,0,Adaptive CVaR only,0.8703651287668616,0.8419309864064133,0.635268055156148,0.6145143487858719,0.4176767729644327,0.8353535459288653,0.8528593373478635,15,0.5,1.0,1.0,0.0,0.04965996742248535,300,True,True,False
interference_dominated_case,0,Adaptive candidate diversity only,0.8703651287668616,0.8419309864064133,0.635268055156148,0.6145143487858719,0.4176767729644327,0.8353535459288653,0.8528593373478635,15,0.5,1.0,1.0,0.0,0.05333852767944336,300,True,True,False
interference_dominated_case,0,Adaptive resources only,0.8703651287668616,0.8419309864064133,0.635268055156148,0.6145143487858719,0.4176767729644327,0.8353535459288653,0.8528593373478635,15,0.5,1.0,1.0,0.0,0.05262136459350586,300,True,True,False
interference_dominated_case,0,Adaptive weights + CVaR,0.8548110979691925,0.8268850935285231,0.6313795474567307,0.6107528755663993,0.4176767729644327,0.8353535459288653,0.8450823219490289,13,0.6,1.0,1.0,0.0,0.05087018013000488,300,True,True,True
interference_dominated_case,0,Adaptive weights + diversity,0.8548110979691925,0.8268850935285231,0.6313795474567307,0.6107528755663993,0.4176767729644327,0.8353535459288653,0.8450823219490289,13,0.6,1.0,1.0,0.0,0.052164316177368164,300,True,True,True
interference_dominated_case,0,Full AI-Adaptive Pareto-QAOA,0.8548110979691925,0.8268850935285231,0.6313795474567307,0.6107528755663993,0.4176767729644327,0.8353535459288653,0.8450823219490289,13,0.6,1.0,1.0,0.0,0.05264902114868164,300,True,True,True
interference_dominated_case,0,Replay-Adaptive Schedule,0.8065275429061582,0.7801789241315208,0.5852879697068815,0.5661670733124201,0.383656083980342,0.7673121679606839,0.7869198554334211,15,0.6,1.0,1.0,0.0,0.047858238220214844,300,False,False,True
interference_dominated_case,1,Fixed Pareto-QAOA,0.797560394481988,0.7646312633339101,0.5378465589136414,0.5156403159776279,0.33845646029314436,0.6769129205862887,0.7372366575341384,13,0.5,1.0,1.0,0.0,0.04900527000427246,300,False,False,False
interference_dominated_case,1,Adaptive weights only,0.8717772353530213,0.8357838897537913,0.6386768131440201,0.6123075592458054,0.4207325043057648,0.8414650086115296,0.8566211219822755,17,0.5,1.0,1.0,0.0,0.055004119873046875,300,True,True,False
interference_dominated_case,1,Adaptive CVaR only,0.8440511708136806,0.8092025601107076,0.6317452970091848,0.6056622268350342,0.4207325043057648,0.8414650086115296,0.8427580897126051,14,0.7,1.0,1.0,0.0,0.0449984073638916,300,True,True,True
interference_dominated_case,1,Adaptive candidate diversity only,0.8414650086115296,0.806723173614715,0.6310987564586472,0.6050423802110363,0.4207325043057648,0.8414650086115296,0.8414650086115296,10,0.6,1.0,0.65,0.0,0.03135561943054199,300,True,True,True
interference_dominated_case,1,Adaptive resources only,0.8440511708136806,0.8092025601107076,0.6317452970091848,0.6056622268350342,0.4207325043057648,0.8414650086115296,0.8427580897126051,14,0.7,1.0,1.0,0.0,0.045220136642456055,300,True,True,True
interference_dominated_case,1,Adaptive weights + CVaR,0.8717772353530213,0.8357838897537913,0.6386768131440201,0.6123075592458054,0.4207325043057648,0.8414650086115296,0.8566211219822755,17,0.5,1.0,1.0,0.0,0.047397613525390625,300,True,True,False
interference_dominated_case,1,Adaptive weights + diversity,0.8672063440189868,0.8314017182725019,0.6375340903105114,0.611212016375483,0.4207325043057648,0.8414650086115296,0.8543356763152582,14,0.5,1.0,0.8,0.0,0.030038118362426758,300,True,True,False
interference_dominated_case,1,Full AI-Adaptive Pareto-QAOA,0.8672063440189868,0.8314017182725019,0.6375340903105114,0.611212016375483,0.4207325043057648,0.8414650086115296,0.8543356763152582,14,0.5,1.0,0.8,0.0,0.0301668643951416,300,True,True,False
interference_dominated_case,1,Replay-Adaptive Schedule,0.7716987724604771,0.7398373983739838,0.5691812218745882,0.5456812546848874,0.3762565287594689,0.7525130575189378,0.7621059149897075,14,0.7,1.0,1.0,0.0,0.04700160026550293,300,False,True,True
interference_dominated_case,2,Fixed Pareto-QAOA,0.8081129431425127,0.7862568657239687,0.583984115570585,0.5681897861400023,0.381955879784957,0.763911759569914,0.7860123513562134,13,0.6,1.0,1.0,0.0,0.043436527252197266,300,False,False,False
interference_dominated_case,2,Adaptive weights only,0.7214521987196051,0.7019399322192358,0.5376659595510651,0.52312434264345,0.35730290987116375,0.7146058197423275,0.7180290092309662,11,0.5,1.0,1.0,0.0,0.040429115295410156,300,False,False,False
interference_dominated_case,2,Adaptive CVaR only,0.7758628948021791,0.7548790463947646,0.5512686335717085,0.5363591211873321,0.35730290987116375,0.7146058197423275,0.7452343572722533,13,0.4,1.0,1.0,0.0,0.045679569244384766,300,False,False,False
interference_dominated_case,2,Adaptive candidate diversity only,0.7758628948021791,0.7548790463947646,0.5512686335717085,0.5363591211873321,0.35730290987116375,0.7146058197423275,0.7452343572722533,13,0.4,1.0,1.0,0.0,0.05500936508178711,300,False,False,False
interference_dominated_case,2,Adaptive resources only,0.7758628948021791,0.7548790463947646,0.5512686335717085,0.5363591211873321,0.35730290987116375,0.7146058197423275,0.7452343572722533,13,0.4,1.0,1.0,0.0,0.053131103515625,300,False,False,False
interference_dominated_case,2,Adaptive weights + CVaR,0.7214521987196051,0.7019399322192358,0.5376659595510651,0.52312434264345,0.35730290987116375,0.7146058197423275,0.7180290092309662,11,0.5,1.0,1.0,0.0,0.039235830307006836,300,False,False,False
interference_dominated_case,2,Adaptive weights + diversity,0.7214521987196051,0.7019399322192358,0.5376659595510651,0.52312434264345,0.35730290987116375,0.7146058197423275,0.7180290092309662,11,0.5,1.0,1.0,0.0,0.04099321365356445,300,False,False,False
interference_dominated_case,2,Full AI-Adaptive Pareto-QAOA,0.7214521987196051,0.7019399322192358,0.5376659595510651,0.52312434264345,0.35730290987116375,0.7146058197423275,0.7180290092309662,11,0.5,1.0,1.0,0.0,0.038004159927368164,300,False,False,False
interference_dominated_case,2,Replay-Adaptive Schedule,0.8833029999806835,0.8594133457987613,0.5998088599610469,0.5835865373378523,0.3789831099658759,0.7579662199317518,0.8206346099562176,15,0.8,1.0,1.0,0.0,0.04558134078979492,300,True,True,True
interference_dominated_case,3,Fixed Pareto-QAOA,0.8201233315216707,0.8414245433370111,0.5727032290474143,0.5875781537329902,0.36767239616699654,0.7353447923339931,0.7777340619278319,17,0.5,1.0,1.0,0.0,0.053849220275878906,300,False,False,False
interference_dominated_case,3,Adaptive weights only,0.821616963290305,0.8429569694740714,0.5550036925890989,0.5694189040088268,0.34959945176652263,0.6991989035330453,0.7604079334116751,12,0.6,1.0,1.0,0.0,0.05069422721862793,300,True,False,True
interference_dominated_case,3,Adaptive CVaR only,0.8116992483465738,0.8327816599239917,0.5525242638531661,0.5668750766213069,0.34959945176652263,0.6991989035330453,0.7554490759398096,12,0.5,1.0,1.0,0.0,0.0511164665222168,300,False,False,False
interference_dominated_case,3,Adaptive candidate diversity only,0.8116992483465738,0.8327816599239917,0.5525242638531661,0.5668750766213069,0.34959945176652263,0.6991989035330453,0.7554490759398096,12,0.5,1.0,1.0,0.0,0.06100940704345703,300,False,False,False
interference_dominated_case,3,Adaptive resources only,0.8116992483465738,0.8327816599239917,0.5525242638531661,0.5668750766213069,0.34959945176652263,0.6991989035330453,0.7554490759398096,12,0.5,1.0,1.0,0.0,0.05037069320678711,300,False,False,False
interference_dominated_case,3,Adaptive weights + CVaR,0.821616963290305,0.8429569694740714,0.5550036925890989,0.5694189040088268,0.34959945176652263,0.6991989035330453,0.7604079334116751,12,0.6,1.0,1.0,0.0,0.07710456848144531,300,True,False,True
interference_dominated_case,3,Adaptive weights + diversity,0.821616963290305,0.8429569694740714,0.5550036925890989,0.5694189040088268,0.34959945176652263,0.6991989035330453,0.7604079334116751,12,0.6,1.0,1.0,0.0,0.05496859550476074,300,True,False,True
interference_dominated_case,3,Full AI-Adaptive Pareto-QAOA,0.821616963290305,0.8429569694740714,0.5550036925890989,0.5694189040088268,0.34959945176652263,0.6991989035330453,0.7604079334116751,12,0.6,1.0,1.0,0.0,0.05024909973144531,300,True,False,True
interference_dominated_case,3,Replay-Adaptive Schedule,0.7662330973093485,0.7861346083118793,0.5521807285463802,0.566522618609783,0.3606224542190431,0.7212449084380862,0.7437390028737174,17,0.6,1.0,1.0,0.0,0.05499625205993652,300,False,False,True
interference_dominated_case,4,Fixed Pareto-QAOA,0.9660867345635326,0.8762716524608193,0.6291082850883047,0.5706213912565301,0.38758660144742163,0.7751732028948433,0.8706299687291879,11,0.6,1.0,1.0,0.0,0.0451200008392334,300,False,False,False
interference_dominated_case,4,Adaptive weights only,0.8622937951488625,0.7821281275776739,0.634079675878026,0.5751306021446246,0.41850622709081053,0.8370124541816211,0.8496531246652418,17,0.7,1.0,1.0,0.0,0.05005764961242676,300,False,True,True
interference_dominated_case,4,Adaptive CVaR only,0.8758135530282267,0.7943909815782239,0.6374596153478673,0.5781963156447623,0.41850622709081053,0.8370124541816211,0.8564130036049239,14,0.7,1.0,1.0,0.0,0.04633188247680664,300,False,True,True
interference_dominated_case,4,Adaptive candidate diversity only,0.8370124541816211,0.7591971405004124,0.6277593406362157,0.5693978553753093,0.41850622709081053,0.8370124541816211,0.8370124541816211,10,0.7,1.0,0.75,0.0,0.030623912811279297,300,False,False,True
interference_dominated_case,4,Adaptive resources only,0.8758135530282267,0.7943909815782239,0.6374596153478673,0.5781963156447623,0.41850622709081053,0.8370124541816211,0.8564130036049239,14,0.7,1.0,1.0,0.0,0.04781794548034668,300,False,True,True
interference_dominated_case,4,Adaptive weights + CVaR,0.8622937951488625,0.7821281275776739,0.634079675878026,0.5751306021446246,0.41850622709081053,0.8370124541816211,0.8496531246652418,17,0.7,1.0,1.0,0.0,0.058295488357543945,300,False,True,True
interference_dominated_case,4,Adaptive weights + diversity,0.8370124541816211,0.7591971405004124,0.6277593406362157,0.5693978553753093,0.41850622709081053,0.8370124541816211,0.8370124541816211,10,0.7,1.0,0.75,0.0,0.03175544738769531,300,False,False,True
interference_dominated_case,4,Full AI-Adaptive Pareto-QAOA,0.8370124541816211,0.7591971405004124,0.6277593406362157,0.5693978553753093,0.41850622709081053,0.8370124541816211,0.8370124541816211,10,0.7,1.0,0.75,0.0,0.02969837188720703,300,False,False,True
interference_dominated_case,4,Replay-Adaptive Schedule,0.9291650639423095,0.8427825130602145,0.6959037704855668,0.6312070387682155,0.4636125044999896,0.9272250089999792,0.9281950364711443,12,0.5,1.0,1.0,0.0,0.04693722724914551,300,False,True,False
channel_rich_7x4,0,Fixed Pareto-QAOA,0.8859608996954347,0.8634122287968442,0.6373694293746961,0.6211476824457594,0.4158792044508374,0.8317584089016749,0.8588596542985547,12,0.5,1.0,1.0,0.0,0.05351662635803223,500,False,False,False
channel_rich_7x4,0,Adaptive weights only,0.666557818524428,0.6495931952662722,0.49292959466028663,0.4803839990138068,0.3262901400291796,0.6525802800583592,0.6595690492913936,5,0.3,1.0,0.35,0.0,0.05825209617614746,500,False,False,False
channel_rich_7x4,0,Adaptive CVaR only,0.9231500065644321,0.89965483234714,0.5570776416702876,0.5428994082840237,0.3262901400291796,0.6525802800583592,0.7878651433113957,11,0.4,1.0,0.65,0.0,0.0564272403717041,500,True,False,False
channel_rich_7x4,0,Adaptive candidate diversity only,0.9231500065644321,0.89965483234714,0.5570776416702876,0.5428994082840237,0.3262901400291796,0.6525802800583592,0.7878651433113957,11,0.4,1.0,0.65,0.0,0.05424690246582031,500,True,False,False
channel_rich_7x4,0,Adaptive resources only,0.9231500065644321,0.89965483234714,0.5570776416702876,0.5428994082840237,0.3262901400291796,0.6525802800583592,0.7878651433113957,11,0.4,1.0,0.65,0.0,0.06895279884338379,500,True,False,False
channel_rich_7x4,0,Adaptive weights + CVaR,0.666557818524428,0.6495931952662722,0.49292959466028663,0.4803839990138068,0.3262901400291796,0.6525802800583592,0.6595690492913936,5,0.3,1.0,0.35,0.0,0.05755329132080078,500,False,False,False
channel_rich_7x4,0,Adaptive weights + diversity,0.666557818524428,0.6495931952662722,0.49292959466028663,0.4803839990138068,0.3262901400291796,0.6525802800583592,0.6595690492913936,5,0.3,1.0,0.35,0.0,0.05509495735168457,500,False,False,False
channel_rich_7x4,0,Full AI-Adaptive Pareto-QAOA,0.666557818524428,0.6495931952662722,0.49292959466028663,0.4803839990138068,0.3262901400291796,0.6525802800583592,0.6595690492913936,5,0.3,1.0,0.35,0.0,0.05721735954284668,500,False,False,False
channel_rich_7x4,0,Replay-Adaptive Schedule,0.9574297615355147,0.9330621301775148,0.6767721735573242,0.6595475838264299,0.4374147331734456,0.8748294663468912,0.916129613941203,14,0.4,1.0,1.0,0.0,0.04396414756774902,500,True,True,False
channel_rich_7x4,1,Fixed Pareto-QAOA,0.9351600376998771,0.8966306644752289,0.6420156808739237,0.6155640995538857,0.4082256714489545,0.816451342897909,0.8758056902988931,12,0.4,1.0,1.0,0.0,0.043344736099243164,500,False,False,False
channel_rich_7x4,1,Adaptive weights only,0.7489239110430506,0.7180676215073961,0.514001301899754,0.4928240197229396,0.3267703241389914,0.6535406482779827,0.7012322796605166,10,0.5,1.0,0.6,0.0,0.04790163040161133,500,False,False,True
channel_rich_7x4,1,Adaptive CVaR only,0.6940081301057811,0.6654144165297018,0.5002723566654367,0.47966071847851605,0.3267703241389914,0.6535406482779827,0.6737743891918819,4,0.4,1.0,0.25,0.0,0.050496578216552734,500,False,False,False
channel_rich_7x4,1,Adaptive candidate diversity only,0.6940081301057811,0.6654144165297018,0.5002723566654367,0.47966071847851605,0.3267703241389914,0.6535406482779827,0.6737743891918819,4,0.4,1.0,0.25,0.0,0.05166029930114746,500,False,False,False
channel_rich_7x4,1,Adaptive resources only,0.6940081301057811,0.6654144165297018,0.5002723566654367,0.47966071847851605,0.3267703241389914,0.6535406482779827,0.6737743891918819,4,0.4,1.0,0.25,0.0,0.04778146743774414,500,False,False,False
channel_rich_7x4,1,Adaptive weights + CVaR,0.7489239110430506,0.7180676215073961,0.514001301899754,0.4928240197229396,0.3267703241389914,0.6535406482779827,0.7012322796605166,10,0.5,1.0,0.6,0.0,0.048734426498413086,500,False,False,True
channel_rich_7x4,1,Adaptive weights + diversity,0.7489239110430506,0.7180676215073961,0.514001301899754,0.4928240197229396,0.3267703241389914,0.6535406482779827,0.7012322796605166,10,0.5,1.0,0.6,0.0,0.04762434959411621,500,False,False,True
channel_rich_7x4,1,Full AI-Adaptive Pareto-QAOA,0.7489239110430506,0.7180676215073961,0.514001301899754,0.4928240197229396,0.3267703241389914,0.6535406482779827,0.7012322796605166,10,0.5,1.0,0.6,0.0,0.05025959014892578,500,False,False,True
channel_rich_7x4,1,Replay-Adaptive Schedule,0.9414046415522757,0.9026179854425921,0.5954260384065191,0.5708939891993425,0.3600748780184502,0.7201497560369003,0.830777198794588,12,0.5,1.0,1.0,0.0,0.0406651496887207,500,True,False,True
channel_rich_7x4,2,Fixed Pareto-QAOA,0.8224569139483644,0.8212173705274476,0.578705044885038,0.5778328654202258,0.37309081639794694,0.746181632795894,0.7843192733721291,7,0.4,1.0,0.4,0.0,0.050357818603515625,500,False,False,False
channel_rich_7x4,2,Adaptive weights only,0.6247394204511761,0.6237978615375426,0.4682255347138029,0.4675198614180755,0.3120406796010088,0.6240813592020176,0.6244103898265969,11,0.4,1.0,0.7,0.0,0.05211353302001953,500,False,False,False
channel_rich_7x4,2,Adaptive CVaR only,0.747258460294517,0.7461322501642674,0.498855294674638,0.4981034585747566,0.3120406796010088,0.6240813592020176,0.6856699097482672,12,0.5,1.0,1.0,0.0,0.045450448989868164,500,False,False,True
channel_rich_7x4,2,Adaptive candidate diversity only,0.747258460294517,0.7461322501642674,0.498855294674638,0.4981034585747566,0.3120406796010088,0.6240813592020176,0.6856699097482672,12,0.5,1.0,1.0,0.0,0.04810452461242676,500,False,False,True
channel_rich_7x4,2,Adaptive resources only,0.747258460294517,0.7461322501642674,0.498855294674638,0.4981034585747566,0.3120406796010088,0.6240813592020176,0.6856699097482672,12,0.5,1.0,1.0,0.0,0.04581475257873535,500,False,False,True
channel_rich_7x4,2,Adaptive weights + CVaR,0.6247394204511761,0.6237978615375426,0.4682255347138029,0.4675198614180755,0.3120406796010088,0.6240813592020176,0.6244103898265969,11,0.4,1.0,0.7,0.0,0.05501961708068848,500,False,False,False
channel_rich_7x4,2,Adaptive weights + diversity,0.6247394204511761,0.6237978615375426,0.4682255347138029,0.4675198614180755,0.3120406796010088,0.6240813592020176,0.6244103898265969,11,0.4,1.0,0.7,0.0,0.050377845764160156,500,False,False,False
channel_rich_7x4,2,Full AI-Adaptive Pareto-QAOA,0.6247394204511761,0.6237978615375426,0.4682255347138029,0.4675198614180755,0.3120406796010088,0.6240813592020176,0.6244103898265969,11,0.4,1.0,0.7,0.0,0.054358482360839844,500,False,False,False
channel_rich_7x4,2,Replay-Adaptive Schedule,0.9520949800326025,0.9506600561495729,0.6612468638419958,0.660250283734544,0.4232231188338452,0.8464462376676904,0.8992706088501465,13,0.6,1.0,1.0,0.0,0.04325580596923828,500,True,True,True
channel_rich_7x4,3,Fixed Pareto-QAOA,0.8017749824207576,0.7787988379676293,0.5971807573085179,0.5800675875970831,0.3967370117033286,0.7934740234066572,0.7976245029137075,10,0.4,1.0,1.0,0.0,0.044039249420166016,500,False,False,False
channel_rich_7x4,3,Adaptive weights only,0.937336967496618,0.9104760775478746,0.6336347850377197,0.6154769668583623,0.39930054316356545,0.7986010863271309,0.8679690269118745,13,0.3,1.0,1.0,0.0,0.04514265060424805,500,True,True,False
channel_rich_7x4,3,Adaptive CVaR only,0.8223442705659916,0.7987786802632358,0.6048866108050633,0.5875526175372029,0.39930054316356545,0.7986010863271309,0.8104726784465612,12,0.4,1.0,0.65,0.0,0.053380489349365234,500,True,True,False
channel_rich_7x4,3,Adaptive candidate diversity only,0.7986010863271309,0.7757158949427877,0.5989508147453482,0.5817869212070907,0.39930054316356545,0.7986010863271309,0.7986010863271309,10,0.6,1.0,0.75,0.0,0.030835390090942383,500,False,True,True
channel_rich_7x4,3,Adaptive resources only,0.8223442705659916,0.7987786802632358,0.6048866108050633,0.5875526175372029,0.39930054316356545,0.7986010863271309,0.8104726784465612,12,0.4,1.0,0.65,0.0,0.05259871482849121,500,True,True,False
channel_rich_7x4,3,Adaptive weights + CVaR,0.937336967496618,0.9104760775478746,0.6336347850377197,0.6154769668583623,0.39930054316356545,0.7986010863271309,0.8679690269118745,13,0.3,1.0,1.0,0.0,0.0441746711730957,500,True,True,False
channel_rich_7x4,3,Adaptive weights + diversity,0.9005930165665559,0.8747850832987492,0.6244487973052044,0.6065542182960811,0.39930054316356545,0.7986010863271309,0.8495970514468434,15,0.6,1.0,0.9,0.0,0.031552791595458984,500,True,True,True
channel_rich_7x4,3,Full AI-Adaptive Pareto-QAOA,0.9005930165665559,0.8747850832987492,0.6244487973052044,0.6065542182960811,0.39930054316356545,0.7986010863271309,0.8495970514468434,15,0.6,1.0,0.9,0.0,0.03710675239562988,500,True,True,True
channel_rich_7x4,3,Replay-Adaptive Schedule,0.8734317903807126,0.8484022054900102,0.654982288090526,0.6362127230687142,0.4366243404953478,0.8732486809906956,0.8733402356857041,11,0.3,1.0,1.0,0.0,0.07605910301208496,500,True,True,False
channel_rich_7x4,4,Fixed Pareto-QAOA,0.758889123108331,0.7662941709453338,0.5133239449308363,0.518332829960737,0.3236016641537536,0.647203328307507,0.7030462257079191,3,0.3,1.0,0.2,0.0,0.05200314521789551,500,False,False,False
channel_rich_7x4,4,Adaptive weights only,0.8885212159489233,0.8971911809121113,0.5576363458406972,0.5630776200543643,0.33550604185346633,0.6710120837069327,0.779766649827928,11,0.3,1.0,0.65,0.0,0.05081772804260254,500,True,True,False
channel_rich_7x4,4,Adaptive CVaR only,0.7372937444671432,0.7444880700694654,0.5198294779702521,0.5249018423437027,0.33550604185346633,0.6710120837069327,0.704152914087038,10,0.4,1.0,0.65,0.0,0.059095144271850586,500,False,True,True
channel_rich_7x4,4,Adaptive candidate diversity only,0.7372937444671432,0.7444880700694654,0.5198294779702521,0.5249018423437027,0.33550604185346633,0.6710120837069327,0.704152914087038,10,0.4,1.0,0.65,0.0,0.08526349067687988,500,False,True,True
channel_rich_7x4,4,Adaptive resources only,0.7372937444671432,0.7444880700694654,0.5198294779702521,0.5249018423437027,0.33550604185346633,0.6710120837069327,0.704152914087038,10,0.4,1.0,0.65,0.0,0.05410337448120117,500,False,True,True
channel_rich_7x4,4,Adaptive weights + CVaR,0.8885212159489233,0.8971911809121113,0.5576363458406972,0.5630776200543643,0.33550604185346633,0.6710120837069327,0.779766649827928,11,0.3,1.0,0.65,0.0,0.053954362869262695,500,True,True,False
channel_rich_7x4,4,Adaptive weights + diversity,0.8885212159489233,0.8971911809121113,0.5576363458406972,0.5630776200543643,0.33550604185346633,0.6710120837069327,0.779766649827928,11,0.3,1.0,0.65,0.0,0.046051740646362305,500,True,True,False
channel_rich_7x4,4,Full AI-Adaptive Pareto-QAOA,0.8885212159489233,0.8971911809121113,0.5576363458406972,0.5630776200543643,0.33550604185346633,0.6710120837069327,0.779766649827928,11,0.3,1.0,0.65,0.0,0.056381940841674805,500,True,True,False
channel_rich_7x4,4,Replay-Adaptive Schedule,0.7843728663248019,0.7920265780730897,0.519694880734954,0.5247659317426759,0.3236016641537536,0.647203328307507,0.7157880973161544,5,0.2,1.0,0.30000000000000004,0.0,0.04813194274902344,500,True,True,False
