case_name,method,hypervolume,pareto_size,best_throughput,best_interference,best_energy,feasibility_rate,objective_evaluations,runtime_seconds,hv_at_25pct,hv_at_50pct,hv_at_75pct,hv_at_100pct,final_hv,auc_hv,normalized_final_hv,normalized_auc_hv,evals_to_90pct_ref_hv,hv_per_valid_eval,hypervolume_reference,exact_pareto_size,exact_pareto_hv,direction_coverage,valid_sample_efficiency,hv_25,hv_50,hv_75,archive_size,evals_to_90_ref_hv,runtime,eval_budget,qaoa_seed_archive_fraction,qaoa_descendant_archive_fraction,seed
multi_seed_main,Random,819.2258225969741,20,20.927395366680287,1.3029764301880027,6.47667060782328,1.0,300,0.24900460243225098,678.853868352078,788.9706638715484,819.2258225969741,819.2258225969741,819.2258225969741,731.6182660571666,0.7866758715913014,0.7025491888160166,-1,2.730752741989914,"[-3.2841672085657665, 11.414313176351683, 12.386098515042493]",28,1041.3765722086152,0.5,1.0,678.853868352078,788.9706638715484,819.2258225969741,20,-1,0.24900460243225098,300,0.0,0.0,0
multi_seed_main,Greedy,988.4749778431678,17,23.150184568542446,1.3029764301880027,6.872766454095367,1.0,300,0.3005824089050293,740.682232321661,962.9528043440959,963.6118276034616,988.4749778431678,988.4749778431678,845.8967934595315,0.9492003221723623,0.8122871361178231,105,3.2949165928105595,"[-3.2841672085657665, 11.414313176351683, 12.386098515042493]",28,1041.3765722086152,0.7,1.0,740.682232321661,962.9528043440959,963.6118276034616,17,105,0.3005824089050293,300,0.0,0.0,0
multi_seed_main,Evolutionary MOO,852.8360088246254,11,21.261884146451727,1.359783377571796,6.47667060782328,1.0,300,0.13882088661193848,726.9026550803779,823.0002285369778,823.0002285369778,852.8360088246254,852.8360088246254,750.9025247911188,0.8189506385916466,0.7210672343036859,-1,2.8427866960820847,"[-3.2841672085657665, 11.414313176351683, 12.386098515042493]",28,1041.3765722086152,0.5,1.0,726.9026550803779,823.0002285369778,823.0002285369778,11,-1,0.13882088661193848,300,0.0,0.0,0
multi_seed_main,NSGA-II-style,930.3011974027947,15,20.561044004349636,1.3029764301880027,6.4753638068218935,1.0,300,1.2439162731170654,695.0898050146333,886.266461436086,909.6318315408703,930.3011974027947,930.3011974027947,797.1620433998389,0.8933379357956507,0.7654887431442488,-1,3.1010039913426493,"[-3.2841672085657665, 11.414313176351683, 12.386098515042493]",28,1041.3765722086152,0.5,1.0,695.0898050146333,886.266461436086,909.6318315408703,15,-1,1.2439162731170654,300,0.0,0.0,0
multi_seed_main,MOEA/D-style,938.9284109799459,13,23.150184568542446,1.3029764301880027,6.780132322781957,1.0,300,0.6915903091430664,602.9463711142276,705.0949763159127,854.6932561919289,938.9284109799459,938.9284109799459,698.1811033907018,0.9016223679668623,0.6704405707053276,290,3.129761369933153,"[-3.2841672085657665, 11.414313176351683, 12.386098515042493]",28,1041.3765722086152,0.6,1.0,602.9463711142276,705.0949763159127,854.6932561919289,13,290,0.6915903091430664,300,0.0,0.0,0
multi_seed_main,Classical-Seeded Evolutionary MOO,1017.1724452282747,19,23.150184568542446,1.3029764301880027,6.558610858104487,1.0,300,0.14027190208435059,988.4749778431678,988.8344450755492,988.8344450755492,1017.1724452282747,1017.1724452282747,977.2458605564337,0.9767575652974342,0.9384173666244775,10,3.3905748174275825,"[-3.2841672085657665, 11.414313176351683, 12.386098515042493]",28,1041.3765722086152,0.6,1.0,988.4749778431678,988.8344450755492,988.8344450755492,19,10,0.14027190208435059,300,0.0,0.0,0
multi_seed_main,Quantum-Seeded Evolutionary MOO,1038.9202127873432,27,23.150184568542446,1.3029764301880027,6.4209856090919315,1.0,300,0.1928396224975586,1038.9202127873432,1038.9202127873432,1038.9202127873432,1038.9202127873432,1038.9202127873432,1020.5503787813634,0.9976412380623635,0.9800012848540636,10,3.463067375957811,"[-3.2841672085657665, 11.414313176351683, 12.386098515042493]",28,1041.3765722086152,0.7,1.0,1038.9202127873432,1038.9202127873432,1038.9202127873432,27,10,0.1928396224975586,300,1.0,0.25,0
multi_seed_main,Fixed Pareto-QAOA,1034.4867835879738,25,23.150184568542446,1.3029764301880027,6.47667060782328,1.0,400,3.960170269012451,905.1085355334055,985.9437294151496,1017.6217792687513,1025.679836394632,1034.4867835879738,904.8050253668648,0.9933839604188242,0.8688547923138878,120,2.5862169589699344,"[-3.2841672085657665, 11.414313176351683, 12.386098515042493]",28,1041.3765722086152,0.7,0.0625,905.1085355334055,985.9437294151496,1017.6217792687513,25,120,3.960170269012451,300,0.0,0.0,0
multi_seed_main,AI-Adaptive Pareto-QAOA,1040.1783481006776,27,23.150184568542446,1.3029764301880027,6.4209856090919315,1.0,400,3.561650514602661,898.3011248201847,926.0624796209653,1025.9194812162195,1030.1132655940014,1040.1783481006776,890.6748926850033,0.9988493844206651,0.8552860861811068,200,2.600445870251694,"[-3.2841672085657665, 11.414313176351683, 12.386098515042493]",28,1041.3765722086152,0.7,0.0675,898.3011248201847,926.0624796209653,1025.9194812162195,27,200,3.561650514602661,300,0.0,0.0,0
multi_seed_main,AI-Pareto-QAOA Ensemble,1040.1783481006776,27,23.150184568542446,1.3029764301880027,6.4209856090919315,1.0,800,7.521820783615112,900.390528108401,963.7915612196522,1025.6199251892351,1030.1132655940014,1040.1783481006776,905.0427979632838,0.9988493844206651,0.8690831175929121,120,1.300222935125847,"[-3.2841672085657665, 11.414313176351683, 12.386098515042493]",28,1041.3765722086152,0.7,0.03375,900.390528108401,963.7915612196522,1025.6199251892351,27,120,7.521820783615112,300,0.5,0.0,0
multi_seed_main,Random,1075.691870383326,11,19.92086374350752,1.6415959779246436,6.379892191371997,1.0,300,0.2688472270965576,887.8512935573183,933.1115230414129,1019.6655143239851,1075.691870383326,1075.691870383326,936.1681822016412,0.8813254410399257,0.7670122446610954,-1,3.58563956794442,"[-2.9886034324326345, 13.475970478794151, 12.492081041408012]",28,1220.538770688449,0.5,1.0,887.8512935573183,933.1115230414129,1019.6655143239851,11,-1,0.2688472270965576,300,0.0,0.0,1
multi_seed_main,Greedy,1091.9118900262959,22,20.103354663388266,1.5210415849798933,6.655706820128371,1.0,300,0.10994577407836914,1045.9433627411981,1072.0087218181102,1091.9118900262959,1091.9118900262959,1091.9118900262959,1023.804098375246,0.8946146703806871,0.8388132544103993,-1,3.639706300087653,"[-2.9886034324326345, 13.475970478794151, 12.492081041408012]",28,1220.538770688449,0.9,1.0,1045.9433627411981,1072.0087218181102,1091.9118900262959,22,-1,0.10994577407836914,300,0.0,0.0,1
multi_seed_main,Evolutionary MOO,1011.0242811517479,10,17.469555040707615,1.5210415849798933,5.94601772810477,1.0,300,0.11274385452270508,828.4251080531626,988.4295812997508,988.4295812997508,1011.0242811517479,1011.0242811517479,909.3348158191019,0.8283426183844012,0.7450273909006501,-1,3.370080937172493,"[-2.9886034324326345, 13.475970478794151, 12.492081041408012]",28,1220.538770688449,0.4,1.0,828.4251080531626,988.4295812997508,988.4295812997508,10,-1,0.11274385452270508,300,0.0,0.0,1
multi_seed_main,NSGA-II-style,1049.5556815263137,9,17.91992990972221,1.7921868885709344,5.855221459189975,1.0,300,1.0999059677124023,860.5109984386007,904.9212705614917,947.6316279619754,1049.5556815263137,1049.5556815263137,888.7065867619561,0.8599117920148561,0.7281264701330857,-1,3.4985189384210456,"[-2.9886034324326345, 13.475970478794151, 12.492081041408012]",28,1220.538770688449,0.4,1.0,860.5109984386007,904.9212705614917,947.6316279619754,9,-1,1.0999059677124023,300,0.0,0.0,1
multi_seed_main,MOEA/D-style,1022.7820246483985,16,17.508945433780923,1.5210415849798933,5.570698677089521,1.0,300,0.7975490093231201,884.7347832329049,984.1089647136322,1015.0969935075154,1022.7820246483985,1022.7820246483985,927.4431810094723,0.8379758588672238,0.7598637612194366,-1,3.4092734154946616,"[-2.9886034324326345, 13.475970478794151, 12.492081041408012]",28,1220.538770688449,0.7,1.0,884.7347832329049,984.1089647136322,1015.0969935075154,16,-1,0.7975490093231201,300,0.0,0.0,1
multi_seed_main,Classical-Seeded Evolutionary MOO,1176.340987905859,23,20.103354663388266,1.5210415849798933,6.040195848318421,1.0,300,0.1469278335571289,1161.1125851842935,1161.1125851842935,1161.1125851842935,1176.340987905859,1176.340987905859,1139.7010968088716,0.9637883008356547,0.9337688602599813,50,3.9211366263528635,"[-2.9886034324326345, 13.475970478794151, 12.492081041408012]",28,1220.538770688449,0.7,1.0,1161.1125851842935,1161.1125851842935,1161.1125851842935,23,50,0.1469278335571289,300,0.0,0.0,1
multi_seed_main,Quantum-Seeded Evolutionary MOO,1218.697196405841,28,20.103354663388266,1.5210415849798933,5.568539522524734,1.0,300,0.1756119728088379,1218.697196405841,1218.697196405841,1218.697196405841,1218.697196405841,1218.697196405841,1203.7383009975574,0.9984911792014856,0.9862352019498609,10,4.06232398801947,"[-2.9886034324326345, 13.475970478794151, 12.492081041408012]",28,1220.538770688449,0.7,1.0,1218.697196405841,1218.697196405841,1218.697196405841,28,10,0.1756119728088379,300,1.0,0.25,1
multi_seed_main,Fixed Pareto-QAOA,1210.0559632336037,23,20.103354663388266,1.5210415849798933,5.568539522524734,1.0,400,4.006387710571289,1110.30992540735,1160.6167767235913,1180.1569423087628,1192.7734968891295,1210.0559632336037,1059.14256309267,0.9914113277623026,0.8677664229340761,80,3.025139908084009,"[-2.9886034324326345, 13.475970478794151, 12.492081041408012]",28,1220.538770688449,0.7,0.0575,1110.30992540735,1160.6167767235913,1180.1569423087628,23,80,4.006387710571289,300,0.0,0.0,1
multi_seed_main,AI-Adaptive Pareto-QAOA,1212.0391970764124,26,19.92086374350752,1.5210415849798933,5.568539522524734,1.0,400,4.109697580337524,1105.0862291249525,1194.8983902921386,1205.877006207686,1211.8267077361115,1212.0391970764124,1088.6854872980562,0.9930362116991643,0.891971245357474,80,3.030097992691031,"[-2.9886034324326345, 13.475970478794151, 12.492081041408012]",28,1220.538770688449,0.6,0.065,1105.0862291249525,1194.8983902921386,1205.877006207686,26,80,4.109697580337524,300,0.0,0.0,1
multi_seed_main,AI-Pareto-QAOA Ensemble,1212.0391970764124,28,20.103354663388266,1.5210415849798933,5.568539522524734,1.0,800,8.116085290908813,1105.0862291249525,1194.8983902921386,1204.8145595061815,1211.8267077361115,1212.0391970764124,1081.1440104139917,0.9930362116991643,0.885792435584958,80,1.5150489963455156,"[-2.9886034324326345, 13.475970478794151, 12.492081041408012]",28,1220.538770688449,0.7,0.035,1105.0862291249525,1194.8983902921386,1204.8145595061815,28,80,8.116085290908813,300,0.5,0.0,1
multi_seed_main,Random,1163.1561964315558,13,21.141575169657884,2.234973378728339,6.308554970394126,1.0,300,0.15061640739440918,877.4202288178034,898.1062811844249,987.2457969169274,1163.1561964315558,1163.1561964315558,917.6348620712955,0.8775838446416869,0.6923416929767079,-1,3.8771873214385195,"[-2.375592694859481, 15.155494153313839, 12.510216913955418]",52,1325.4074850323466,0.5,1.0,877.4202288178034,898.1062811844249,987.2457969169274,13,-1,0.15061640739440918,300,0.0,0.0,2
multi_seed_main,Greedy,1232.4781581792415,19,21.141575169657884,1.8515884974692127,6.909944750174189,1.0,300,0.09854316711425781,1113.0991078802656,1174.1308578016337,1180.8419816610337,1232.4781581792415,1232.4781581792415,1127.443542971746,0.9298862214809077,0.8506391850836957,243,4.108260527264139,"[-2.375592694859481, 15.155494153313839, 12.510216913955418]",52,1325.4074850323466,0.5,1.0,1113.0991078802656,1174.1308578016337,1180.8419816610337,19,243,0.09854316711425781,300,0.0,0.0,2
multi_seed_main,Evolutionary MOO,899.7643235496885,19,16.89938696564901,2.4628071736771298,6.85956543885241,1.0,300,0.16194653511047363,837.6272120514781,882.7891279053237,882.7891279053237,899.7643235496885,899.7643235496885,846.7084153585578,0.6788586406147613,0.638828756378944,-1,2.9992144118322948,"[-2.375592694859481, 15.155494153313839, 12.510216913955418]",52,1325.4074850323466,0.5,1.0,837.6272120514781,882.7891279053237,882.7891279053237,19,-1,0.16194653511047363,300,0.0,0.0,2
multi_seed_main,NSGA-II-style,1094.702733065675,13,17.56280108833161,1.8515884974692127,6.304426157862124,1.0,300,1.010901689529419,1014.2087239520466,1047.3300940581448,1065.4106512793521,1094.702733065675,1094.702733065675,1007.296950648317,0.8259367367605885,0.7599903893886142,-1,3.6490091102189166,"[-2.375592694859481, 15.155494153313839, 12.510216913955418]",52,1325.4074850323466,0.6,1.0,1014.2087239520466,1047.3300940581448,1065.4106512793521,13,-1,1.010901689529419,300,0.0,0.0,2
multi_seed_main,MOEA/D-style,1154.0764406217793,18,18.35112424713197,1.9611067843419372,6.304426157862124,1.0,300,0.6614539623260498,899.4485059563049,1060.041752191832,1093.2025994971032,1154.0764406217793,1154.0764406217793,992.3140902918119,0.8707333055340442,0.7486860467425189,-1,3.8469214687392643,"[-2.375592694859481, 15.155494153313839, 12.510216913955418]",52,1325.4074850323466,0.6,1.0,899.4485059563049,1060.041752191832,1093.2025994971032,18,-1,0.6614539623260498,300,0.0,0.0,2
multi_seed_main,Classical-Seeded Evolutionary MOO,1243.6107283460112,22,21.141575169657884,1.8515884974692127,6.871460491439507,1.0,300,0.13022375106811523,1232.4781581792415,1236.1100605031522,1236.1100605031522,1243.6107283460112,1243.6107283460112,1218.7795963843632,0.9382855781259307,0.9195508627707946,20,4.145369094486704,"[-2.375592694859481, 15.155494153313839, 12.510216913955418]",52,1325.4074850323466,0.6,1.0,1232.4781581792415,1236.1100605031522,1236.1100605031522,22,20,0.13022375106811523,300,0.0,0.0,2
multi_seed_main,Quantum-Seeded Evolutionary MOO,1325.4074850323466,50,21.141575169657884,1.8515884974692127,6.185284906234214,1.0,300,0.28118896484375,1325.4074850323466,1325.4074850323466,1325.4074850323466,1325.4074850323466,1325.4074850323466,1294.3394819640296,1.0,0.9765596592601415,20,4.418024950107822,"[-2.375592694859481, 15.155494153313839, 12.510216913955418]",52,1325.4074850323466,0.6,1.0,1325.4074850323466,1325.4074850323466,1325.4074850323466,50,20,0.28118896484375,300,1.0,0.25,2
multi_seed_main,Fixed Pareto-QAOA,1323.2757162770076,42,21.141575169657884,1.8515884974692127,6.185284906234214,1.0,400,2.9899845123291016,1165.7123450780039,1245.9596216968012,1322.9796372832106,1323.2757162770076,1323.2757162770076,1158.4392830269767,0.998391612557336,0.874025004467743,120,3.308189290692519,"[-2.375592694859481, 15.155494153313839, 12.510216913955418]",52,1325.4074850323466,0.6,0.105,1165.7123450780039,1245.9596216968012,1322.9796372832106,42,120,2.9899845123291016,300,0.0,0.0,2
multi_seed_main,AI-Adaptive Pareto-QAOA,1324.2231690571582,47,21.141575169657884,1.8515884974692127,6.185284906234214,1.0,405,3.853712558746338,1144.177532929164,1247.1834148711623,1323.4040171743197,1323.4336250736994,1324.2231690571582,1149.4876307285158,0.9991064514207422,0.8672711175314228,120,3.269686837178168,"[-2.375592694859481, 15.155494153313839, 12.510216913955418]",52,1325.4074850323466,0.6,0.11604938271604938,1144.177532929164,1247.1834148711623,1323.4040171743197,47,120,3.853712558746338,300,0.0,0.0,2
multi_seed_main,AI-Pareto-QAOA Ensemble,1324.2231690571582,49,21.141575169657884,1.8515884974692127,6.185284906234214,1.0,805,6.8436970710754395,1151.342644579053,1247.1834148711623,1323.3546706753534,1323.4336250736994,1324.2231690571582,1157.910841238847,0.9991064514207422,0.8736263030916777,120,1.6449977255368424,"[-2.375592694859481, 15.155494153313839, 12.510216913955418]",52,1325.4074850323466,0.6,0.06086956521739131,1151.342644579053,1247.1834148711623,1323.3546706753534,49,120,6.8436970710754395,300,0.5,0.0,2
multi_seed_main,Random,1038.8661876002,18,16.325765386407966,2.2807644913805576,5.746533287189944,1.0,300,0.18983149528503418,859.5312779120885,888.575024690957,993.9506468069641,1038.8661876002,1038.8661876002,900.491960341126,0.781223083548665,0.6771662360034454,-1,3.4628872920006666,"[-2.377408236047589, 15.25020076674148, 12.617084811737666]",48,1329.7945356161324,0.4,1.0,859.5312779120885,888.575024690957,993.9506468069641,18,-1,0.18983149528503418,300,0.0,0.0,3
multi_seed_main,Greedy,1101.6170433167972,21,17.620767205117115,2.1224982732631323,6.564745871429119,1.0,300,0.08625388145446777,1007.0407862002569,1087.7905835826316,1097.280934642769,1101.6170433167972,1101.6170433167972,1041.4903514816988,0.8284114679463516,0.7831964439522577,-1,3.672056811055991,"[-2.377408236047589, 15.25020076674148, 12.617084811737666]",48,1329.7945356161324,0.6,1.0,1007.0407862002569,1087.7905835826316,1097.280934642769,21,-1,0.08625388145446777,300,0.0,0.0,3
multi_seed_main,Evolutionary MOO,967.6885546491703,20,16.068311348649633,2.7737643370105367,5.520782550709582,1.0,300,0.14077234268188477,832.369238671006,911.3191418868031,911.3191418868031,967.6885546491703,967.6885546491703,863.3945598427814,0.7276977974652393,0.649269144005578,-1,3.2256285154972346,"[-2.377408236047589, 15.25020076674148, 12.617084811737666]",48,1329.7945356161324,0.8,1.0,832.369238671006,911.3191418868031,911.3191418868031,20,-1,0.14077234268188477,300,0.0,0.0,3
multi_seed_main,NSGA-II-style,1132.8697511182838,26,16.313173362331803,2.3259408316708683,5.040052464407376,1.0,300,1.1059825420379639,924.3274679088879,962.1252454070208,1051.342726709432,1132.8697511182838,1132.8697511182838,958.3781111923196,0.8519133751691891,0.7206963824289405,-1,3.7762325037276128,"[-2.377408236047589, 15.25020076674148, 12.617084811737666]",48,1329.7945356161324,0.5,1.0,924.3274679088879,962.1252454070208,1051.342726709432,26,-1,1.1059825420379639,300,0.0,0.0,3
multi_seed_main,MOEA/D-style,1174.6763838056127,17,16.065864511881518,2.1224982732631323,5.040052464407376,1.0,300,0.754148006439209,870.7397097675955,1042.2205358197311,1112.1709682026396,1174.6763838056127,1174.6763838056127,978.2330982684476,0.8833517903285345,0.735627250728026,-1,3.915587946018709,"[-2.377408236047589, 15.25020076674148, 12.617084811737666]",48,1329.7945356161324,0.6,1.0,870.7397097675955,1042.2205358197311,1112.1709682026396,17,-1,0.754148006439209,300,0.0,0.0,3
multi_seed_main,Classical-Seeded Evolutionary MOO,1126.7337482776777,25,17.620767205117115,2.1224982732631323,6.302375374650819,1.0,300,0.15377354621887207,1101.6170433167972,1125.5883610807646,1125.5883610807646,1126.7337482776777,1126.7337482776777,1098.6121745479431,0.8472991263688937,0.8261518190394159,-1,3.7557791609255924,"[-2.377408236047589, 15.25020076674148, 12.617084811737666]",48,1329.7945356161324,0.6,1.0,1101.6170433167972,1125.5883610807646,1125.5883610807646,25,-1,0.15377354621887207,300,0.0,0.0,3
multi_seed_main,Quantum-Seeded Evolutionary MOO,1327.7492013359304,47,18.453019339705115,2.1224982732631323,4.8635798886083075,1.0,300,0.3504526615142822,1327.7492013359304,1327.7492013359304,1327.7492013359304,1327.7492013359304,1327.7492013359304,1295.8498679195384,0.9984619170665682,0.974473750051269,20,4.425830671119768,"[-2.377408236047589, 15.25020076674148, 12.617084811737666]",48,1329.7945356161324,0.8,1.0,1327.7492013359304,1327.7492013359304,1327.7492013359304,47,20,0.3504526615142822,300,1.0,0.25,3
multi_seed_main,Fixed Pareto-QAOA,1327.5037612223061,42,18.453019339705115,2.1224982732631323,4.8635798886083075,1.0,400,3.3582217693328857,1215.4194426672366,1312.8591677760598,1327.5037612223061,1327.5037612223061,1327.5037612223061,1200.2102346929412,0.9982773471145564,0.9025531407653506,80,3.3187594030557652,"[-2.377408236047589, 15.25020076674148, 12.617084811737666]",48,1329.7945356161324,0.8,0.105,1215.4194426672366,1312.8591677760598,1327.5037612223061,42,80,3.3582217693328857,300,0.0,0.0,3
multi_seed_main,AI-Adaptive Pareto-QAOA,1329.7945356161324,46,18.453019339705115,2.1224982732631323,4.8635798886083075,1.0,400,3.5106201171875,1187.6540298134944,1291.874038061187,1325.9493071693526,1329.590002188112,1329.7945356161324,1184.6634852023826,1.0,0.8908620493417004,120,3.324486339040331,"[-2.377408236047589, 15.25020076674148, 12.617084811737666]",48,1329.7945356161324,0.8,0.115,1187.6540298134944,1291.874038061187,1325.9493071693526,46,120,3.5106201171875,300,0.0,0.0,3
multi_seed_main,AI-Pareto-QAOA Ensemble,1329.7945356161324,47,18.453019339705115,2.1224982732631323,4.8635798886083075,1.0,800,6.868841886520386,1192.5832854287812,1312.8591677760598,1327.5037612223061,1329.590002188112,1329.7945356161324,1198.3824217134381,1.0,0.9011786329518889,80,1.6622431695201656,"[-2.377408236047589, 15.25020076674148, 12.617084811737666]",48,1329.7945356161324,0.8,0.05875,1192.5832854287812,1312.8591677760598,1327.5037612223061,47,80,6.868841886520386,300,0.5,0.0,3
multi_seed_main,Random,1094.1341320185727,19,16.994636536535523,2.6317005571499883,6.338734276245779,1.0,300,0.15810155868530273,937.0875958688132,1056.9047443710656,1080.608593020029,1094.1341320185727,1094.1341320185727,981.3956904795737,0.8967583002071552,0.8043572588320924,-1,3.647113773395242,"[-2.1433982708156796, 17.340797871618292, 12.104644744249809]",64,1220.0992527928906,0.6,1.0,937.0875958688132,1056.9047443710656,1080.608593020029,19,-1,0.15810155868530273,300,0.0,0.0,4
multi_seed_main,Greedy,1116.1985213949852,20,17.231965485057597,2.6317005571499883,6.361243005796231,1.0,300,0.07816362380981445,956.2146207152389,995.9031972715723,996.9961701199394,1116.1985213949852,1116.1985213949852,946.7180528789885,0.9148423940428866,0.7759352779799562,300,3.720661737983284,"[-2.1433982708156796, 17.340797871618292, 12.104644744249809]",64,1220.0992527928906,0.7,1.0,956.2146207152389,995.9031972715723,996.9961701199394,20,300,0.07816362380981445,300,0.0,0.0,4
multi_seed_main,Evolutionary MOO,955.1216478668719,26,14.689872351373786,2.8898448423351732,6.001763299399161,1.0,300,0.1496114730834961,883.0537506776606,930.1198939604724,930.1198939604724,955.1216478668719,955.1216478668719,886.322194899632,0.7828229102513857,0.7264345034805815,-1,3.183738826222906,"[-2.1433982708156796, 17.340797871618292, 12.104644744249809]",64,1220.0992527928906,0.7,1.0,883.0537506776606,930.1198939604724,930.1198939604724,26,-1,0.1496114730834961,300,0.0,0.0,4
multi_seed_main,NSGA-II-style,1072.616229066344,17,15.7020688284427,2.8898448423351732,6.083882967407131,1.0,300,1.0509545803070068,866.8640903612218,979.1670505309497,1061.1400141584884,1072.616229066344,1072.616229066344,937.8524491599934,0.8791221096243211,0.7686689808334731,-1,3.575387430221147,"[-2.1433982708156796, 17.340797871618292, 12.104644744249809]",64,1220.0992527928906,0.8,1.0,866.8640903612218,979.1670505309497,1061.1400141584884,17,-1,1.0509545803070068,300,0.0,0.0,4
multi_seed_main,MOEA/D-style,1079.4473093686388,24,16.05430069925254,2.784502946133392,6.190736956132069,1.0,300,1.2493257522583008,851.8698690976844,1030.878328419322,1060.9009263479081,1079.4473093686388,1079.4473093686388,945.0155655055154,0.8847209002855383,0.7745399100460968,-1,3.598157697895463,"[-2.1433982708156796, 17.340797871618292, 12.104644744249809]",64,1220.0992527928906,0.7,1.0,851.8698690976844,1030.878328419322,1060.9009263479081,24,-1,1.2493257522583008,300,0.0,0.0,4
multi_seed_main,Classical-Seeded Evolutionary MOO,1123.6443989244867,23,17.231965485057597,2.6317005571499883,6.361243005796231,1.0,300,0.15133428573608398,1116.1985213949852,1123.5760881214637,1123.5760881214637,1123.6443989244867,1123.6443989244867,1101.7339137872852,0.9209450758636134,0.9029871227814794,20,3.745481329748289,"[-2.1433982708156796, 17.340797871618292, 12.104644744249809]",64,1220.0992527928906,0.7,1.0,1116.1985213949852,1123.5760881214637,1123.5760881214637,23,20,0.15133428573608398,300,0.0,0.0,4
multi_seed_main,Quantum-Seeded Evolutionary MOO,1203.568038461337,51,17.28616441086258,2.6317005571499883,5.970865384001343,1.0,300,0.2800271511077881,1203.568038461337,1203.568038461337,1203.568038461337,1203.568038461337,1203.568038461337,1185.5412501786666,0.9864509265998544,0.9716760726349775,20,4.01189346153779,"[-2.1433982708156796, 17.340797871618292, 12.104644744249809]",64,1220.0992527928906,0.8,1.0,1203.568038461337,1203.568038461337,1203.568038461337,51,20,0.2800271511077881,300,1.0,0.25,4
multi_seed_main,Fixed Pareto-QAOA,1210.7406727787466,50,17.28616441086258,2.6317005571499883,5.970865384001343,1.0,400,3.155578374862671,1076.1086188708923,1179.0273824753424,1209.2463739626196,1209.7843215364253,1210.7406727787466,1073.0248642900272,0.9923296567941324,0.8794570292816751,120,3.0268516819468663,"[-2.1433982708156796, 17.340797871618292, 12.104644744249809]",64,1220.0992527928906,0.9,0.125,1076.1086188708923,1179.0273824753424,1209.2463739626196,50,120,3.155578374862671,300,0.0,0.0,4
multi_seed_main,AI-Adaptive Pareto-QAOA,1210.3991187636318,49,17.28616441086258,2.6317005571499883,5.970865384001343,1.0,400,3.469028949737549,1095.5771977324325,1151.7884497699417,1197.7957756058977,1204.7634775142385,1210.3991187636318,1069.7160426909027,0.9920497172610715,0.8767451010581717,80,3.0259977969090794,"[-2.1433982708156796, 17.340797871618292, 12.104644744249809]",64,1220.0992527928906,0.9,0.1225,1095.5771977324325,1151.7884497699417,1197.7957756058977,49,80,3.469028949737549,300,0.0,0.0,4
multi_seed_main,AI-Pareto-QAOA Ensemble,1210.7406727787466,56,17.28616441086258,2.6317005571499883,5.970865384001343,1.0,800,6.62460732460022,1095.5771977324325,1158.4829084661906,1209.2463739626196,1209.3744567182875,1210.7406727787466,1075.0276516461563,0.9923296567941324,0.8810985247186608,80,1.5134258409734331,"[-2.1433982708156796, 17.340797871618292, 12.104644744249809]",64,1220.0992527928906,0.9,0.07,1095.5771977324325,1158.4829084661906,1209.2463739626196,56,80,6.62460732460022,300,0.5,0.0,4
multi_seed_main,Random,943.9533056224527,13,18.381004079663,2.2433025868467746,4.962766431723603,1.0,300,0.1221468448638916,848.0987168912109,862.207184496675,934.1327056225708,943.9533056224527,943.9533056224527,858.6292356164365,0.816425409738007,0.7426286038999882,-1,3.146511018741509,"[-2.7911217283590397, 13.864569230349456, 11.523792864745623]",48,1156.2027520987738,0.7,1.0,848.0987168912109,862.207184496675,934.1327056225708,13,-1,0.1221468448638916,300,0.0,0.0,5
multi_seed_main,Greedy,1088.2193028038166,25,18.41202639259023,2.1112536656682486,4.742801604233941,1.0,300,0.14490389823913574,906.6765211158587,984.0656154811254,1087.9426661841017,1088.2193028038166,1088.2193028038166,967.0050893475278,0.9412011006101209,0.8363629022610363,192,3.627397676012722,"[-2.7911217283590397, 13.864569230349456, 11.523792864745623]",48,1156.2027520987738,0.5,1.0,906.6765211158587,984.0656154811254,1087.9426661841017,25,192,0.14490389823913574,300,0.0,0.0,5
multi_seed_main,Evolutionary MOO,943.3308732280941,18,18.771820277305014,2.122411987754642,4.873417309602719,1.0,300,0.1678776741027832,828.3191985815896,855.2221098488717,855.2221098488717,943.3308732280941,943.3308732280941,809.1183118682052,0.8158870678310804,0.6998065956852891,-1,3.144436244093647,"[-2.7911217283590397, 13.864569230349456, 11.523792864745623]",48,1156.2027520987738,0.4,1.0,828.3191985815896,855.2221098488717,855.2221098488717,18,-1,0.1678776741027832,300,0.0,0.0,5
multi_seed_main,NSGA-II-style,1070.7911957617728,22,17.835893482839047,2.122411987754642,4.355351375419143,1.0,300,1.1294703483581543,906.8148394257162,993.9553746359361,1023.9358682975474,1070.7911957617728,1070.7911957617728,951.9140084688357,0.9261275272161743,0.8233106232802966,240,3.5693039858725757,"[-2.7911217283590397, 13.864569230349456, 11.523792864745623]",48,1156.2027520987738,0.6,1.0,906.8148394257162,993.9553746359361,1023.9358682975474,22,240,1.1294703483581543,300,0.0,0.0,5
multi_seed_main,MOEA/D-style,1121.899811254116,19,18.33249590055056,2.1112536656682486,4.543970578533757,1.0,300,0.6909732818603516,820.0546795676045,940.080392946443,1044.5452964663136,1121.899811254116,1121.899811254116,913.3151083974692,0.9703313793515973,0.7899264266060536,230,3.73966603751372,"[-2.7911217283590397, 13.864569230349456, 11.523792864745623]",48,1156.2027520987738,0.8,1.0,820.0546795676045,940.080392946443,1044.5452964663136,19,230,0.6909732818603516,300,0.0,0.0,5
multi_seed_main,Classical-Seeded Evolutionary MOO,1088.2193028038166,26,18.41202639259023,2.1112536656682486,4.742801604233941,1.0,300,0.16341400146484375,1088.2193028038166,1088.2193028038166,1088.2193028038166,1088.2193028038166,1088.2193028038166,1063.6980253548159,0.9412011006101209,0.9199926426606055,20,3.627397676012722,"[-2.7911217283590397, 13.864569230349456, 11.523792864745623]",48,1156.2027520987738,0.5,1.0,1088.2193028038166,1088.2193028038166,1088.2193028038166,26,20,0.16341400146484375,300,0.0,0.0,5
multi_seed_main,Quantum-Seeded Evolutionary MOO,1153.4363859016241,45,19.208149471867507,2.1112536656682486,4.355351375419143,1.0,300,0.24608850479125977,1153.4363859016241,1153.4363859016241,1153.4363859016241,1153.4363859016241,1153.4363859016241,1118.7970779804448,0.9976073693025483,0.9676478246999247,20,3.844787953005414,"[-2.7911217283590397, 13.864569230349456, 11.523792864745623]",48,1156.2027520987738,1.0,1.0,1153.4363859016241,1153.4363859016241,1153.4363859016241,45,20,0.24608850479125977,300,1.0,0.25,5
multi_seed_main,Fixed Pareto-QAOA,1151.8457253382628,44,19.208149471867507,2.1112536656682486,4.355351375419143,1.0,400,3.3124899864196777,1032.0015547411122,1097.7805559727158,1135.800801394794,1144.5840140707446,1151.8457253382628,1020.1868196680149,0.9962316066515133,0.8823597918411293,120,2.879614313345657,"[-2.7911217283590397, 13.864569230349456, 11.523792864745623]",48,1156.2027520987738,1.0,0.11,1032.0015547411122,1097.7805559727158,1135.800801394794,44,120,3.3124899864196777,300,0.0,0.0,5
multi_seed_main,AI-Adaptive Pareto-QAOA,1130.613864775138,32,19.106460569258832,2.1112536656682486,4.485967080787921,1.0,400,3.7791032791137695,1028.7597193538274,1050.5102735789178,1118.1392822048654,1128.9194654793837,1130.613864775138,999.121736407001,0.9778681660485705,0.8641405969613594,120,2.8265346619378446,"[-2.7911217283590397, 13.864569230349456, 11.523792864745623]",48,1156.2027520987738,0.9,0.08,1028.7597193538274,1050.5102735789178,1118.1392822048654,32,120,3.7791032791137695,300,0.0,0.0,5
multi_seed_main,AI-Pareto-QAOA Ensemble,1151.8457253382628,45,19.208149471867507,2.1112536656682486,4.355351375419143,1.0,800,7.091593265533447,1030.9728123115474,1084.346390127807,1135.800801394794,1137.5297802680125,1151.8457253382628,1016.8938929550262,0.9962316066515133,0.8795117388443593,120,1.4398071566728285,"[-2.7911217283590397, 13.864569230349456, 11.523792864745623]",48,1156.2027520987738,1.0,0.05625,1030.9728123115474,1084.346390127807,1135.800801394794,45,120,7.091593265533447,300,0.5,0.0,5
multi_seed_main,Random,1330.238461362508,17,21.397441913546224,1.6029725439201,5.233166302480908,1.0,300,0.12943196296691895,1186.9242579388247,1255.6002475609594,1301.9731022897322,1330.238461362508,1330.238461362508,1205.126707535457,0.7335159817351597,0.6645272450532725,-1,4.434128204541693,"[-3.1036047111326575, 12.617115577071708, 12.904553140274743]",25,1813.5098545716462,0.6,1.0,1186.9242579388247,1255.6002475609594,1301.9731022897322,17,-1,0.12943196296691895,300,0.0,0.0,6
multi_seed_main,Greedy,1669.2019471180606,11,25.530187467475976,0.6358587560350256,5.975689423828086,1.0,300,0.1250753402709961,1498.3952655337478,1627.6872009799213,1651.7569208153318,1669.2019471180606,1669.2019471180606,1487.6444920457943,0.9204261796042618,0.8203123287671233,207,5.564006490393536,"[-3.1036047111326575, 12.617115577071708, 12.904553140274743]",25,1813.5098545716462,0.5,1.0,1498.3952655337478,1627.6872009799213,1651.7569208153318,11,207,0.1250753402709961,300,0.0,0.0,6
multi_seed_main,Evolutionary MOO,1330.569696039142,15,21.879278243772124,1.6029725439201,5.041046048705033,1.0,300,0.13612651824951172,1207.35039633126,1249.1963771460337,1249.1963771460337,1330.569696039142,1330.569696039142,1184.0940048423981,0.7336986301369862,0.6529294571283611,-1,4.435232320130473,"[-3.1036047111326575, 12.617115577071708, 12.904553140274743]",25,1813.5098545716462,0.7,1.0,1207.35039633126,1249.1963771460337,1249.1963771460337,15,-1,0.13612651824951172,300,0.0,0.0,6
multi_seed_main,NSGA-II-style,1457.3221656311207,15,22.73292179052281,1.3152511305868848,4.686308660431852,1.0,300,1.0728087425231934,979.79217348364,1174.006105550095,1360.9880805100393,1457.3221656311207,1457.3221656311207,1142.99278679611,0.8035920852359208,0.6302655504819888,-1,4.857740552103736,"[-3.1036047111326575, 12.617115577071708, 12.904553140274743]",25,1813.5098545716462,0.4,1.0,979.79217348364,1174.006105550095,1360.9880805100393,15,-1,1.0728087425231934,300,0.0,0.0,6
multi_seed_main,MOEA/D-style,1641.046999604163,10,22.510393977540723,0.6358587560350256,4.895443828586542,1.0,300,0.4051554203033447,1204.093255344358,1454.1202304236576,1627.024731626653,1641.046999604163,1641.046999604163,1365.1274466562297,0.9049010654490106,0.7527543581938103,270,5.47015666534721,"[-3.1036047111326575, 12.617115577071708, 12.904553140274743]",25,1813.5098545716462,0.3,1.0,1204.093255344358,1454.1202304236576,1627.024731626653,10,270,0.4051554203033447,300,0.0,0.0,6
multi_seed_main,Classical-Seeded Evolutionary MOO,1756.4270786317045,12,25.530187467475976,0.6358587560350256,5.233166302480908,1.0,300,0.10096192359924316,1712.0416319627363,1712.0416319627363,1712.0416319627363,1756.4270786317045,1756.4270786317045,1687.0572995774328,0.9685235920852359,0.9302719228817856,10,5.854756928772348,"[-3.1036047111326575, 12.617115577071708, 12.904553140274743]",25,1813.5098545716462,0.3,1.0,1712.0416319627363,1712.0416319627363,1712.0416319627363,12,10,0.10096192359924316,300,0.0,0.0,6
multi_seed_main,Quantum-Seeded Evolutionary MOO,1764.0454761942883,14,25.530187467475976,0.6358587560350256,4.763521141661972,1.0,300,0.10303235054016113,1762.058068134484,1764.0454761942883,1764.0454761942883,1764.0454761942883,1764.0454761942883,1740.6495244950052,0.9727245053272449,0.9598235819381027,10,5.880151587314295,"[-3.1036047111326575, 12.617115577071708, 12.904553140274743]",25,1813.5098545716462,0.5,1.0,1762.058068134484,1764.0454761942883,1764.0454761942883,14,10,0.10303235054016113,300,1.0,0.25,6
multi_seed_main,Fixed Pareto-QAOA,1753.5563781008757,10,25.530187467475976,0.6358587560350256,4.763521141661972,1.0,400,3.8890109062194824,1570.6458293745586,1736.0285431289883,1749.9542009924799,1753.5563781008757,1753.5563781008757,1574.9304051226004,0.9669406392694063,0.8684432572298326,120,4.3838909452521895,"[-3.1036047111326575, 12.617115577071708, 12.904553140274743]",25,1813.5098545716462,0.5,0.025,1570.6458293745586,1736.0285431289883,1749.9542009924799,10,120,3.8890109062194824,300,0.0,0.0,6
multi_seed_main,AI-Adaptive Pareto-QAOA,1758.966544485899,11,25.530187467475976,0.6358587560350256,4.839610888837448,1.0,400,4.072211742401123,1688.178933800222,1739.0924638878537,1753.1285333102232,1756.9791364260946,1758.966544485899,1604.8279782702703,0.9699238964992388,0.884929284627093,80,4.397416361214748,"[-3.1036047111326575, 12.617115577071708, 12.904553140274743]",25,1813.5098545716462,0.5,0.0275,1688.178933800222,1739.0924638878537,1753.1285333102232,11,80,4.072211742401123,300,0.0,0.0,6
multi_seed_main,AI-Pareto-QAOA Ensemble,1758.966544485899,13,25.530187467475976,0.6358587560350256,4.763521141661972,1.0,800,7.9612226486206055,1688.178933800222,1739.0924638878537,1751.196331029858,1756.9791364260946,1758.966544485899,1598.5074133765181,0.9699238964992388,0.8814440182648404,80,2.198708180607374,"[-3.1036047111326575, 12.617115577071708, 12.904553140274743]",25,1813.5098545716462,0.5,0.01625,1688.178933800222,1739.0924638878537,1751.196331029858,13,80,7.9612226486206055,300,0.5,0.0,6
multi_seed_main,Random,1204.8044177104314,10,18.407776857612824,1.302714637252719,4.912640784082501,1.0,300,0.1709733009338379,948.0389302251671,975.1709580155077,1142.2346393367889,1204.8044177104314,1204.8044177104314,999.3346786838882,0.8377887788778876,0.6949106160616064,-1,4.016014725701438,"[-2.3203910290192864, 13.913125294465853, 11.676408002237293]",13,1438.0765750098908,0.5,1.0,948.0389302251671,975.1709580155077,1142.2346393367889,10,-1,0.1709733009338379,300,0.0,0.0,7
multi_seed_main,Greedy,1395.6778377048686,10,19.39424124992309,1.302714637252719,4.521251787494799,1.0,300,0.10365009307861328,1145.3987242102978,1167.7846246903748,1395.6778377048686,1395.6778377048686,1395.6778377048686,1216.0100242899641,0.9705170517051704,0.8455808580858085,168,4.6522594590162285,"[-2.3203910290192864, 13.913125294465853, 11.676408002237293]",13,1438.0765750098908,0.6,1.0,1145.3987242102978,1167.7846246903748,1395.6778377048686,10,168,0.10365009307861328,300,0.0,0.0,7
multi_seed_main,Evolutionary MOO,1199.7418819128168,11,18.103192191248464,1.8300165778051212,4.8687946676372045,1.0,300,0.08859634399414062,1054.0357734877225,1187.7183593934824,1187.7183593934824,1199.7418819128168,1199.7418819128168,1100.4111853965182,0.8342684268426841,0.7651965163182982,-1,3.999139606376056,"[-2.3203910290192864, 13.913125294465853, 11.676408002237293]",13,1438.0765750098908,0.6,1.0,1054.0357734877225,1187.7183593934824,1187.7183593934824,11,-1,0.08859634399414062,300,0.0,0.0,7
multi_seed_main,NSGA-II-style,1220.387535712464,14,18.407776857612824,1.302714637252719,4.711254930617641,1.0,300,1.0163743495941162,909.9512585603013,1084.4900903952475,1175.1015709603648,1220.387535712464,1220.387535712464,1024.5757702516973,0.8486248624862486,0.7124625962596258,-1,4.06795845237488,"[-2.3203910290192864, 13.913125294465853, 11.676408002237293]",13,1438.0765750098908,0.4,1.0,909.9512585603013,1084.4900903952475,1175.1015709603648,14,-1,1.0163743495941162,300,0.0,0.0,7
multi_seed_main,MOEA/D-style,1276.7873485827638,14,19.033729295364616,1.302714637252719,4.521251787494799,1.0,300,0.6161308288574219,938.9026351529096,1072.2292615103997,1208.0080536448595,1276.7873485827638,1276.7873485827638,1048.657277448114,0.8878437843784378,0.7292082324899156,-1,4.255957828609213,"[-2.3203910290192864, 13.913125294465853, 11.676408002237293]",13,1438.0765750098908,0.4,1.0,938.9026351529096,1072.2292615103997,1208.0080536448595,14,-1,0.6161308288574219,300,0.0,0.0,7
multi_seed_main,Classical-Seeded Evolutionary MOO,1395.6778377048686,10,19.39424124992309,1.302714637252719,4.521251787494799,1.0,300,0.13052058219909668,1395.6778377048686,1395.6778377048686,1395.6778377048686,1395.6778377048686,1395.6778377048686,1381.8006887971364,0.9705170517051704,0.9608672533920057,10,4.6522594590162285,"[-2.3203910290192864, 13.913125294465853, 11.676408002237293]",13,1438.0765750098908,0.6,1.0,1395.6778377048686,1395.6778377048686,1395.6778377048686,10,10,0.13052058219909668,300,0.0,0.0,7
multi_seed_main,Quantum-Seeded Evolutionary MOO,1431.906609506548,12,19.414208563640578,1.302714637252719,4.345887541066163,1.0,300,0.09122085571289062,1431.906609506548,1431.906609506548,1431.906609506548,1431.906609506548,1431.906609506548,1415.00485913348,0.9957095709570957,0.983956545654565,10,4.773022031688493,"[-2.3203910290192864, 13.913125294465853, 11.676408002237293]",13,1438.0765750098908,0.7,1.0,1431.906609506548,1431.906609506548,1431.906609506548,12,10,0.09122085571289062,300,1.0,0.25,7
multi_seed_main,Fixed Pareto-QAOA,1436.5736346949739,11,19.39424124992309,1.302714637252719,4.345887541066163,1.0,400,3.7947616577148438,1277.9442171146407,1372.1054053972257,1392.177568813549,1407.3058496150147,1436.5736346949739,1259.6258268415813,0.9989548954895489,0.8759101210121011,120,3.5914340867374346,"[-2.3203910290192864, 13.913125294465853, 11.676408002237293]",13,1438.0765750098908,0.6,0.0275,1277.9442171146407,1372.1054053972257,1392.177568813549,11,120,3.7947616577148438,300,0.0,0.0,7
multi_seed_main,AI-Adaptive Pareto-QAOA,1422.4143548860206,11,19.414208563640578,1.302714637252719,4.521251787494799,1.0,400,3.6424942016601562,1328.4509219080298,1392.0786911612522,1409.4218313741737,1418.2614934895398,1422.4143548860206,1282.0765712860348,0.9891089108910891,0.8915217684268426,80,3.5560358872150517,"[-2.3203910290192864, 13.913125294465853, 11.676408002237293]",13,1438.0765750098908,0.7,0.0275,1328.4509219080298,1392.0786911612522,1409.4218313741737,11,80,3.6424942016601562,300,0.0,0.0,7
multi_seed_main,AI-Pareto-QAOA Ensemble,1436.5736346949739,12,19.414208563640578,1.302714637252719,4.345887541066163,1.0,800,7.437255859375,1328.4509219080298,1392.0786911612522,1407.9386665897164,1418.2614934895398,1436.5736346949739,1278.797491702904,0.9989548954895489,0.8892415841584156,80,1.7957170433687173,"[-2.3203910290192864, 13.913125294465853, 11.676408002237293]",13,1438.0765750098908,0.7,0.015,1328.4509219080298,1392.0786911612522,1407.9386665897164,12,80,7.437255859375,300,0.5,0.0,7
multi_seed_main,Random,945.8797348188446,12,15.889713964038396,2.386554909326403,5.008264306511198,1.0,300,0.16508030891418457,806.8262992470051,854.2822387975247,889.0079342463965,945.8797348188446,945.8797348188446,838.018033737127,0.7487775790101371,0.6633920691711388,-1,3.1529324493961486,"[-2.4110178760842107, 15.568099842483852, 11.092711670388622]",42,1263.2319147019211,0.5,1.0,806.8262992470051,854.2822387975247,889.0079342463965,12,-1,0.16508030891418457,300,0.0,0.0,8
multi_seed_main,Greedy,1158.4522132499012,17,19.042504760064592,1.927231708489169,5.470098942806287,1.0,300,0.11562991142272949,979.249546280559,1083.3513057389998,1158.4522132499012,1158.4522132499012,1158.4522132499012,1014.4373721883877,0.9170542635658914,0.8030491949910556,216,3.8615073774996707,"[-2.4110178760842107, 15.568099842483852, 11.092711670388622]",42,1263.2319147019211,0.6,1.0,979.249546280559,1083.3513057389998,1158.4522132499012,17,216,0.11562991142272949,300,0.0,0.0,8
multi_seed_main,Evolutionary MOO,1017.8169130263778,15,18.996558099579282,2.311598128385327,5.174109727551781,1.0,300,0.1563129425048828,935.032662921583,992.2810979349078,992.2810979349078,1017.8169130263778,1017.8169130263778,951.1264534519647,0.8057245080500893,0.7529309878751738,-1,3.3927230434212596,"[-2.4110178760842107, 15.568099842483852, 11.092711670388622]",42,1263.2319147019211,0.5,1.0,935.032662921583,992.2810979349078,992.2810979349078,15,-1,0.1563129425048828,300,0.0,0.0,8
multi_seed_main,NSGA-II-style,997.7799607717141,26,16.62536349417093,2.035503645232386,4.839894852918146,1.0,300,1.0375556945800781,872.4360188478026,951.6045783201771,981.095055040857,997.7799607717141,997.7799607717141,903.0695810965447,0.7898628503279664,0.7148881932021467,-1,3.3259332025723802,"[-2.4110178760842107, 15.568099842483852, 11.092711670388622]",42,1263.2319147019211,0.6,1.0,872.4360188478026,951.6045783201771,981.095055040857,26,-1,1.0375556945800781,300,0.0,0.0,8
multi_seed_main,MOEA/D-style,1200.861251292667,30,19.042504760064592,1.927231708489169,4.452117587643052,1.0,300,1.0636353492736816,894.9964218563431,1131.4851872830982,1182.3308368015119,1200.861251292667,1200.861251292667,1032.6881732706354,0.9506261180679785,0.8174968992248062,160,4.002870837642224,"[-2.4110178760842107, 15.568099842483852, 11.092711670388622]",42,1263.2319147019211,0.5,1.0,894.9964218563431,1131.4851872830982,1182.3308368015119,30,160,1.0636353492736816,300,0.0,0.0,8
multi_seed_main,Classical-Seeded Evolutionary MOO,1232.1972367736448,19,19.042504760064592,1.927231708489169,4.452117587643052,1.0,300,0.11977148056030273,1158.4522132499012,1187.829699638318,1187.829699638318,1232.1972367736448,1232.1972367736448,1164.6947784536637,0.975432319618366,0.9219960047704235,20,4.107324122578816,"[-2.4110178760842107, 15.568099842483852, 11.092711670388622]",42,1263.2319147019211,0.7,1.0,1158.4522132499012,1187.829699638318,1187.829699638318,19,20,0.11977148056030273,300,0.0,0.0,8
multi_seed_main,Quantum-Seeded Evolutionary MOO,1261.5747231620617,41,19.042504760064592,1.927231708489169,4.452117587643052,1.0,300,0.4530963897705078,1261.5747231620617,1261.5747231620617,1261.5747231620617,1261.5747231620617,1261.5747231620617,1243.5850301831927,0.9986881335718545,0.984447127807593,10,4.205249077206872,"[-2.4110178760842107, 15.568099842483852, 11.092711670388622]",42,1263.2319147019211,0.7,1.0,1261.5747231620617,1261.5747231620617,1261.5747231620617,41,10,0.4530963897705078,300,1.0,0.25,8
multi_seed_main,Fixed Pareto-QAOA,1262.7799533728682,37,19.042504760064592,1.927231708489169,4.452117587643052,1.0,400,2.822096586227417,1127.0973960468796,1207.5653443402798,1262.4033189319912,1262.4033189319912,1262.7799533728682,1123.9011820229857,0.9996422182468692,0.8897029666070362,120,3.1569498834321705,"[-2.4110178760842107, 15.568099842483852, 11.092711670388622]",42,1263.2319147019211,0.7,0.0925,1127.0973960468796,1207.5653443402798,1262.4033189319912,37,120,2.822096586227417,300,0.0,0.0,8
multi_seed_main,AI-Adaptive Pareto-QAOA,1263.0059340373948,38,19.042504760064592,1.927231708489169,4.452117587643052,1.0,400,2.4265713691711426,1214.796725605121,1227.0750083777157,1251.0101270954578,1261.122761833009,1263.0059340373948,1151.6202151461664,0.9998211091234347,0.9116459153249851,40,3.157514835093487,"[-2.4110178760842107, 15.568099842483852, 11.092711670388622]",42,1263.2319147019211,0.6,0.095,1214.796725605121,1227.0750083777157,1251.0101270954578,38,40,2.4265713691711426,300,0.0,0.0,8
multi_seed_main,AI-Pareto-QAOA Ensemble,1263.0059340373948,41,19.042504760064592,1.927231708489169,4.452117587643052,1.0,800,5.24866795539856,1214.796725605121,1227.0750083777157,1262.4033189319912,1262.4033189319912,1263.0059340373948,1145.5408644773581,0.9998211091234347,0.9068333780560524,40,1.5787574175467436,"[-2.4110178760842107, 15.568099842483852, 11.092711670388622]",42,1263.2319147019211,0.7,0.05125,1214.796725605121,1227.0750083777157,1262.4033189319912,41,40,5.24866795539856,300,0.5,0.0,8
multi_seed_main,Random,1087.145454559179,17,15.477683321617477,2.201414025127764,5.149339859156548,1.0,300,0.22100090980529785,985.0680413219762,1069.712480693566,1072.512958422982,1087.145454559179,1087.145454559179,1026.609627840697,0.8662761506276151,0.8180390516039054,-1,3.6238181818639297,"[-2.399421879425091, 15.309626568143234, 12.598370105796135]",40,1254.9640824944154,0.6,1.0,985.0680413219762,1069.712480693566,1072.512958422982,17,-1,0.22100090980529785,300,0.0,0.0,9
multi_seed_main,Greedy,1219.5380392173065,20,16.02221482303631,2.011583216561496,5.082653349530536,1.0,300,0.09543013572692871,1103.8082970492023,1177.6708971625417,1219.5380392173065,1219.5380392173065,1219.5380392173065,1100.9388575556998,0.9717712691771269,0.8772672245467225,78,4.065126797391022,"[-2.399421879425091, 15.309626568143234, 12.598370105796135]",40,1254.9640824944154,0.5,1.0,1103.8082970492023,1177.6708971625417,1219.5380392173065,20,78,0.09543013572692871,300,0.0,0.0,9
multi_seed_main,Evolutionary MOO,1114.3801004777465,12,15.477683321617477,2.201414025127764,5.195758460576774,1.0,300,0.11824417114257812,961.1939686787073,1077.903878052107,1077.903878052107,1114.3801004777465,1114.3801004777465,1009.9536465211102,0.8879776847977683,0.8047669735006974,-1,3.7146003349258216,"[-2.399421879425091, 15.309626568143234, 12.598370105796135]",40,1254.9640824944154,0.3,1.0,961.1939686787073,1077.903878052107,1077.903878052107,12,-1,0.11824417114257812,300,0.0,0.0,9
multi_seed_main,NSGA-II-style,1055.2200084438398,25,14.53933385564751,2.710135696955651,5.035704040944825,1.0,300,1.0088531970977783,920.5870416021794,1022.3143951232051,1045.9784319367682,1055.2200084438398,1055.2200084438398,957.0612336814654,0.840836820083682,0.7626204184100419,-1,3.517400028146133,"[-2.399421879425091, 15.309626568143234, 12.598370105796135]",40,1254.9640824944154,0.8,1.0,920.5870416021794,1022.3143951232051,1045.9784319367682,25,-1,1.0088531970977783,300,0.0,0.0,9
multi_seed_main,MOEA/D-style,1153.7968245192728,14,15.083291635921588,2.011583216561496,5.082653349530536,1.0,300,0.5553903579711914,1029.8756849926276,1132.303157946007,1148.0908511455882,1153.7968245192728,1153.7968245192728,1078.3943583890998,0.9193863319386332,0.8593029660622966,150,3.845989415064243,"[-2.399421879425091, 15.309626568143234, 12.598370105796135]",40,1254.9640824944154,0.6,1.0,1029.8756849926276,1132.303157946007,1148.0908511455882,14,150,0.5553903579711914,300,0.0,0.0,9
multi_seed_main,Classical-Seeded Evolutionary MOO,1224.5088871870196,22,16.02221482303631,2.011583216561496,5.082653349530536,1.0,300,0.183091402053833,1219.5380392173065,1220.7282422523083,1220.7282422523083,1224.5088871870196,1224.5088871870196,1205.7928977869892,0.9757322175732218,0.9608186517898651,10,4.081696290623398,"[-2.399421879425091, 15.309626568143234, 12.598370105796135]",40,1254.9640824944154,0.6,1.0,1219.5380392173065,1220.7282422523083,1220.7282422523083,22,10,0.183091402053833,300,0.0,0.0,9
multi_seed_main,Quantum-Seeded Evolutionary MOO,1253.6338555729428,38,16.02221482303631,2.011583216561496,4.868926595687874,1.0,300,0.2288362979888916,1253.3538078000013,1253.6338555729428,1253.6338555729428,1253.6338555729428,1253.6338555729428,1234.4402680334751,0.9989400278940027,0.9836458949325894,10,4.1787795185764764,"[-2.399421879425091, 15.309626568143234, 12.598370105796135]",40,1254.9640824944154,0.7,1.0,1253.3538078000013,1253.6338555729428,1253.6338555729428,38,10,0.2288362979888916,300,1.0,0.25,9
multi_seed_main,Fixed Pareto-QAOA,1229.8297948729094,31,15.742007537577381,2.011583216561496,4.868926595687874,1.0,400,3.3536784648895264,1103.6332671911139,1158.4701217302354,1214.549688261785,1215.127286793477,1229.8297948729094,1080.2566819134895,0.9799721059972106,0.8607869316596929,120,3.0745744871822733,"[-2.399421879425091, 15.309626568143234, 12.598370105796135]",40,1254.9640824944154,0.8,0.0775,1103.6332671911139,1158.4701217302354,1214.549688261785,31,120,3.3536784648895264,300,0.0,0.0,9
multi_seed_main,AI-Adaptive Pareto-QAOA,1238.161216117921,30,16.02221482303631,2.011583216561496,5.045401042428569,1.0,400,3.102241277694702,1150.5937781162534,1203.6803340744902,1236.7347227745,1237.461096685567,1238.161216117921,1121.2922921184481,0.9866108786610878,0.8934855648535566,40,3.0954030402948023,"[-2.399421879425091, 15.309626568143234, 12.598370105796135]",40,1254.9640824944154,0.6,0.075,1150.5937781162534,1203.6803340744902,1236.7347227745,30,40,3.102241277694702,300,0.0,0.0,9
multi_seed_main,AI-Pareto-QAOA Ensemble,1238.161216117921,37,16.02221482303631,2.011583216561496,4.868926595687874,1.0,800,6.4559197425842285,1150.5937781162534,1203.6803340744902,1235.990845877624,1237.461096685567,1238.161216117921,1110.7297127634251,0.9866108786610878,0.8850689260808927,40,1.5477015201474011,"[-2.399421879425091, 15.309626568143234, 12.598370105796135]",40,1254.9640824944154,0.7,0.04625,1150.5937781162534,1203.6803340744902,1235.990845877624,37,40,6.4559197425842285,300,0.5,0.0,9
